# Modified version of U.S. Harvest by Stock.Age.csv:  changed col labels and fishery labels; added row total,,,,,,,,,,,,,,
#  this file summarizes harvest by age and stock based on annually published U.S. harvest origins reports,,,,,,,,,,,,,,
# Note Upper  = Canada  (this is original form of data; automatically changed to Canada in the code),,,,,,,,,,,,,,
#  Harvest estimates have been updated since originally published,,,,,,,,,,,,,,
# therefore harvest information should only be used to calculate percentages of harvest by age.stock.fishery,,,,,,,,,,,,,,
Year ,District ,Fishery ,Stock ,Age1.1,Age1.2,Age1.3,Age2.2,Age1.4,Age2.3,Age1.5,Age2.4,Age1.6,Age2.5,Total
1981,1,US_Comm,Lower,0,1509,5095,0,503,0,13,0,0,0,7120
1981,1,US_Comm,Middle,0,836,5833,0,57050,0,988,0,0,0,64707
1981,1,US_Comm,Upper,0,931,7223,0,18331,0,1194,0,0,0,27679
1981,1,US_Subsistence,Lower,0,3,61,0,0,0,0,0,0,0,64
1981,1,US_Subsistence,Middle,0,5,120,0,1366,0,24,0,0,0,1515
1981,1,US_Subsistence,Upper,0,4,276,0,398,0,25,0,0,0,703
1981,2,US_Comm,Lower,0,606,1971,0,355,0,9,0,0,0,2941
1981,2,US_Comm,Middle,0,386,3526,0,26569,0,431,0,0,0,30912
1981,2,US_Comm,Upper,0,430,3584,0,7453,0,461,0,0,0,11928
1981,2,US_Subsistence,Lower,0,5,95,0,0,0,0,0,0,0,100
1981,2,US_Subsistence,Middle,0,7,187,0,2143,0,38,0,0,0,2375
1981,2,US_Subsistence,Upper,0,7,434,0,624,0,40,0,0,0,1105
1981,3,US_Comm,Lower,0,69,256,0,57,0,2,0,0,0,384
1981,3,US_Comm,Middle,0,41,176,0,2293,0,38,0,0,0,2548
1981,3,US_Comm,Upper,0,50,391,0,616,0,34,0,0,0,1091
1981,3,US_Subsistence,Lower,0,6,106,0,0,0,0,0,0,0,112
1981,3,US_Subsistence,Middle,0,8,210,0,2395,0,42,0,0,0,2655
1981,3,US_Subsistence,Upper,0,8,485,0,697,0,44,0,0,0,1234
1981,4,US_Comm,Lower,0,69,46,0,1,0,0,0,0,0,116
1981,4,US_Comm,Middle,0,45,43,0,784,0,23,0,0,0,895
1981,4,US_Comm,Upper,0,53,119,0,150,0,14,0,0,0,336
1981,4,US_Subsistence,Lower,0,194,130,0,3,0,0,0,0,0,327
1981,4,US_Subsistence,Middle,0,127,121,0,2208,0,65,0,0,0,2521
1981,4,US_Subsistence,Upper,0,149,335,0,423,0,39,0,0,0,946
1981,5,US_Comm,Upper,0,466,1779,0,3843,0,286,0,0,0,6374
1981,5,US_Subsistence,Upper,0,2090,4692,0,5914,0,552,0,0,0,13248
1981,6,US_Comm,Middle,0,40,47,0,875,0,25,0,0,0,987
1981,6,US_Sport,Middle,1,41,214,0,510,0,3,0,0,0,769
1981,6,US_Subsistence,Middle,0,113,133,0,2469,0,70,0,0,0,2785
1981,7,US_Comm,Upper,0,628,2398,0,5181,0,386,0,0,0,8593
1981,7,US_Subsistence,Upper,0,695,2656,0,5738,0,427,0,0,0,9516
1982,1,US_Comm,Lower,0,2692,8159,2,4116,0,181,0,0,0,15150
1982,1,US_Comm,Middle,0,1304,3200,2,14873,13,1171,38,0,0,20601
1982,1,US_Comm,Upper,0,244,3073,39,25960,361,7359,1271,0,393,38700
1982,1,US_Subsistence,Lower,0,25,80,0,68,0,2,0,0,0,175
1982,1,US_Subsistence,Middle,0,58,141,0,415,0,18,1,0,0,633
1982,1,US_Subsistence,Upper,0,15,161,0,1088,11,171,51,0,6,1503
1982,2,US_Comm,Lower,0,1336,2028,0,1572,0,69,0,0,0,5005
1982,2,US_Comm,Middle,0,751,2604,0,8182,13,652,11,0,0,12213
1982,2,US_Comm,Upper,0,145,1587,26,14916,326,4233,529,0,152,21914
1982,2,US_Subsistence,Lower,0,10,51,0,55,0,2,0,0,0,118
1982,2,US_Subsistence,Middle,0,24,104,0,222,0,13,1,0,0,364
1982,2,US_Subsistence,Upper,0,6,85,0,1180,4,287,63,0,2,1627
1982,3,US_Comm,Lower,0,335,308,0,120,0,4,0,0,0,767
1982,3,US_Comm,Middle,0,85,153,0,520,1,34,0,0,0,793
1982,3,US_Comm,Upper,0,26,126,7,671,40,157,14,0,8,1049
1982,3,US_Subsistence,Lower,0,16,81,0,88,0,3,0,0,0,188
1982,3,US_Subsistence,Middle,0,38,166,0,354,0,21,2,0,0,581
1982,3,US_Subsistence,Upper,0,10,135,0,1879,6,457,100,0,3,2590
1982,4,US_Comm,Lower,30,235,144,0,42,0,1,0,0,0,452
1982,4,US_Comm,Middle,30,55,51,0,151,0,12,0,0,0,299
1982,4,US_Comm,Upper,30,13,39,0,196,0,58,0,0,0,336
1982,4,US_Subsistence,Lower,116,908,556,0,162,0,4,0,0,0,1746
1982,4,US_Subsistence,Middle,116,213,197,0,583,0,46,0,0,0,1155
1982,4,US_Subsistence,Upper,116,50,151,0,757,0,224,0,0,0,1298
1982,5,US_Comm,Upper,410,500,1107,12,2380,98,781,97,0,0,5385
1982,5,US_Subsistence,Upper,978,1192,2639,29,5674,234,1862,231,0,0,12839
1982,6,US_Comm,Middle,0,203,420,2,314,0,42,0,0,0,981
1982,6,US_Sport,Middle,3,274,287,0,393,1,47,1,0,0,1006
1982,6,US_Subsistence,Middle,0,691,1431,7,1069,0,143,0,0,0,3341
1982,7,US_Comm,Upper,0,373,1429,31,4320,249,1989,249,0,0,8640
1982,7,US_Subsistence,Upper,0,370,1417,31,4284,247,1972,247,0,0,8568
1983,1,US_Comm,Lower,0,2366,6940,0,5147,52,33,43,0,0,14581
1983,1,US_Comm,Middle,0,3637,6625,0,22179,7,1845,93,0,0,34386
1983,1,US_Comm,Upper,0,254,4684,0,33533,317,4827,2783,0,92,46490
1983,1,US_Subsistence,Lower,0,24,203,0,28,1,0,0,0,0,256
1983,1,US_Subsistence,Middle,0,174,642,0,2413,0,102,2,0,0,3333
1983,1,US_Subsistence,Upper,0,8,248,0,2091,64,179,63,0,21,2674
1983,2,US_Comm,Lower,0,1334,3945,0,3657,0,14,0,0,0,8950
1983,2,US_Comm,Middle,0,2101,5004,0,8726,0,699,5,0,0,16535
1983,2,US_Comm,Upper,0,164,1880,0,13466,0,2011,223,0,0,17744
1983,2,US_Subsistence,Lower,0,30,419,0,215,1,1,0,0,0,666
1983,2,US_Subsistence,Middle,0,194,1111,0,2865,0,168,4,0,0,4342
1983,2,US_Subsistence,Upper,0,8,350,0,3096,47,401,139,0,16,4057
1983,3,US_Comm,Lower,0,99,340,0,317,0,1,0,0,0,757
1983,3,US_Comm,Middle,0,178,491,0,924,0,73,0,0,0,1666
1983,3,US_Comm,Upper,0,12,145,0,1315,0,199,12,0,0,1683
1983,3,US_Subsistence,Lower,0,16,227,0,116,1,1,0,0,0,361
1983,3,US_Subsistence,Middle,0,105,602,0,1552,0,91,2,0,0,2352
1983,3,US_Subsistence,Upper,0,4,190,0,1677,25,217,75,0,9,2197
1983,4,US_Comm,Lower,2,103,50,0,14,1,0,0,0,0,170
1983,4,US_Comm,Middle,2,164,80,0,62,1,1,0,0,0,310
1983,4,US_Comm,Upper,1,11,16,0,88,1,2,2,0,0,121
1983,4,US_Subsistence,Lower,28,1417,688,0,193,14,0,0,0,0,2340
1983,4,US_Subsistence,Middle,28,2257,1101,0,853,14,14,0,0,0,4267
1983,4,US_Subsistence,Upper,14,151,220,0,1211,14,27,27,0,0,1664
1983,5,US_Comm,Upper,0,338,1249,7,1799,37,147,29,0,0,3606
1983,5,US_Subsistence,Upper,0,1571,5804,33,8360,172,683,135,0,0,16758
1983,6,US_Comm,Middle,0,32,312,0,524,0,43,0,0,0,911
1983,6,US_Sport,Middle,0,206,216,0,580,0,45,1,0,0,1048
1983,6,US_Subsistence,Middle,0,512,1135,0,2373,0,189,2,0,0,4211
1983,7,US_Comm,Upper,0,145,1408,0,9238,41,1760,435,0,0,13027
1983,7,US_Subsistence,Upper,0,66,640,0,4202,19,800,198,0,0,5925
1984,1,US_Comm,Lower,0,791,4824,20,18357,0,888,20,0,0,24900
1984,1,US_Comm,Middle,0,1168,13071,20,15553,35,4278,1246,0,59,35430
1984,1,US_Comm,Upper,0,0,0,20,9791,232,3022,1268,0,8,14341
1984,1,US_Subsistence,Lower,0,16,178,0,1108,0,27,0,0,0,1329
1984,1,US_Subsistence,Middle,0,94,1096,0,1075,5,152,64,0,0,2486
1984,1,US_Subsistence,Upper,0,0,0,0,625,25,102,57,0,0,809
1984,2,US_Comm,Lower,0,902,2492,3,7246,0,323,0,0,0,10966
1984,2,US_Comm,Middle,0,866,8224,3,7623,10,1973,345,0,33,19077
1984,2,US_Comm,Upper,0,0,0,3,4834,66,1427,319,0,5,6654
1984,2,US_Subsistence,Lower,0,13,250,0,1741,0,72,0,0,0,2076
1984,2,US_Subsistence,Middle,0,79,1588,0,1690,4,397,89,0,13,3860
1984,2,US_Subsistence,Upper,0,0,0,0,905,18,238,73,0,2,1236
1984,3,US_Comm,Lower,0,5,98,0,659,0,26,0,0,0,788
1984,3,US_Comm,Middle,0,31,661,0,735,0,167,38,0,10,1642
1984,3,US_Comm,Upper,0,0,0,0,451,0,119,36,0,3,609
1984,3,US_Subsistence,Lower,0,4,67,0,548,0,26,0,0,0,645
1984,3,US_Subsistence,Middle,0,14,686,0,740,1,198,111,0,0,1750
1984,3,US_Subsistence,Upper,0,0,0,0,609,12,187,139,0,0,947
1984,4,US_Comm,Lower,0,12,209,0,364,0,18,0,0,0,603
1984,4,US_Comm,Middle,0,2,37,0,80,0,23,11,0,0,153
1984,4,US_Comm,Upper,0,2,25,0,116,0,37,25,0,0,205
1984,4,US_Subsistence,Lower,0,78,1353,0,2356,0,116,0,0,0,3903
1984,4,US_Subsistence,Middle,0,13,239,0,518,0,149,71,0,0,990
1984,4,US_Subsistence,Upper,0,13,162,0,751,0,239,162,0,0,1327
1984,5,US_Comm,Upper,0,205,992,0,2044,34,368,26,0,0,3669
1984,5,US_Subsistence,Upper,0,835,4039,0,8322,138,1498,106,0,0,14938
1984,6,US_Comm,Middle,0,12,210,0,453,0,130,62,0,0,867
1984,6,US_Sport,Middle,0,35,146,0,132,0,37,1,0,0,351
1984,6,US_Subsistence,Middle,0,195,1476,0,2426,0,692,261,0,0,5050
1984,7,US_Comm,Upper,0,963,2439,32,4943,96,1348,64,0,0,9885
1984,7,US_Subsistence,Upper,0,673,1705,23,3455,67,942,45,0,0,6910
1985,1,US_Comm,Lower,0,3389,4211,0,27011,0,1476,0,0,0,36087
1985,1,US_Comm,Middle,0,216,1584,0,15130,0,1007,35,0,0,17972
1985,1,US_Comm,Upper,0,16,2023,0,26601,47,5264,1717,0,284,35952
1985,1,US_Subsistence,Lower,0,148,154,0,524,0,21,0,0,0,847
1985,1,US_Subsistence,Middle,0,45,152,0,739,0,39,1,0,0,976
1985,1,US_Subsistence,Upper,0,1,100,0,978,0,152,17,0,0,1248
1985,2,US_Comm,Lower,0,3210,2659,6,10464,0,724,0,0,0,17063
1985,2,US_Comm,Middle,0,579,1809,6,9043,0,603,20,0,0,12060
1985,2,US_Comm,Upper,0,8,1444,6,13765,181,2869,914,0,55,19242
1985,2,US_Subsistence,Lower,0,95,218,0,803,0,41,0,0,0,1157
1985,2,US_Subsistence,Middle,0,29,115,0,2119,0,151,4,0,0,2418
1985,2,US_Subsistence,Upper,0,1,182,0,2177,0,450,98,0,0,2908
1985,3,US_Comm,Lower,0,22,26,0,241,0,6,0,0,0,295
1985,3,US_Comm,Middle,0,17,60,0,524,0,17,2,0,0,620
1985,3,US_Comm,Upper,0,2,189,0,1272,17,120,66,0,7,1673
1985,3,US_Subsistence,Lower,0,17,102,0,825,0,39,0,0,0,983
1985,3,US_Subsistence,Middle,0,5,76,0,635,0,39,2,0,0,757
1985,3,US_Subsistence,Upper,0,0,76,0,1181,1,211,95,0,38,1602
1985,4,US_Comm,Lower,0,34,30,0,63,0,2,0,0,0,129
1985,4,US_Comm,Middle,0,9,20,0,52,0,2,0,0,0,83
1985,4,US_Comm,Upper,0,0,66,0,336,3,44,3,0,0,452
1985,4,US_Subsistence,Lower,0,319,281,0,590,0,19,0,0,0,1209
1985,4,US_Subsistence,Middle,0,84,187,0,487,0,19,0,0,0,777
1985,4,US_Subsistence,Upper,0,0,618,0,3148,28,412,28,0,0,4234
1985,5,US_Comm,Upper,0,175,459,19,2006,53,576,84,0,0,3372
1985,5,US_Subsistence,Upper,0,783,2054,85,8977,237,2578,376,0,0,15090
1985,6,US_Comm,Middle,16,232,531,0,347,0,16,0,0,0,1142
1985,6,US_Sport,Middle,0,167,267,5,844,0,84,1,0,0,1368
1985,6,US_Subsistence,Middle,120,1743,3990,0,2607,0,120,0,0,0,8580
1985,7,US_Comm,Upper,0,25,1295,0,8223,63,2590,289,0,88,12573
1985,7,US_Subsistence,Upper,0,13,693,0,4400,34,1386,155,0,47,6728
1986,1,US_Comm,Lower,0,205,6653,0,4548,8,1329,43,0,0,12786
1986,1,US_Comm,Middle,0,190,935,0,394,7,136,5,0,0,1667
1986,1,US_Comm,Upper,0,125,8438,0,18103,222,11041,532,0,121,38582
1986,1,US_Subsistence,Lower,0,11,543,0,414,2,74,3,0,0,1047
1986,1,US_Subsistence,Middle,0,72,477,0,92,2,20,0,0,0,663
1986,1,US_Subsistence,Upper,0,15,1472,0,1441,35,548,35,0,19,3565
1986,2,US_Comm,Lower,0,398,5879,2,6004,42,2125,79,0,0,14529
1986,2,US_Comm,Middle,0,707,1595,0,603,52,220,7,0,0,3184
1986,2,US_Comm,Upper,0,438,8640,4,8556,514,5586,330,0,68,24136
1986,2,US_Subsistence,Lower,0,17,735,0,502,2,88,5,0,0,1349
1986,2,US_Subsistence,Middle,0,83,494,0,0,0,0,0,0,0,577
1986,2,US_Subsistence,Upper,0,19,1831,0,1892,46,701,44,0,24,4557
1986,3,US_Comm,Lower,0,7,127,0,148,0,52,2,0,0,336
1986,3,US_Comm,Middle,0,13,39,0,10,1,3,0,0,0,66
1986,3,US_Comm,Upper,0,6,161,0,188,10,126,6,0,2,499
1986,3,US_Subsistence,Lower,0,11,488,0,333,2,58,3,0,0,895
1986,3,US_Subsistence,Middle,0,55,328,0,0,0,0,0,0,0,383
1986,3,US_Subsistence,Upper,0,13,1216,0,1256,31,466,29,0,16,3027
1986,4,US_Comm,Lower,0,29,24,0,25,1,6,2,0,0,87
1986,4,US_Comm,Middle,18,108,8,0,17,6,4,1,0,0,162
1986,4,US_Comm,Upper,0,8,31,0,109,26,56,16,0,7,253
1986,4,US_Subsistence,Lower,0,496,410,0,428,17,103,34,0,0,1488
1986,4,US_Subsistence,Middle,308,1848,137,0,291,103,68,17,0,0,2772
1986,4,US_Subsistence,Upper,0,137,530,0,1865,445,958,274,0,120,4329
1986,5,US_Comm,Upper,82,628,189,0,935,136,562,140,0,61,2733
1986,5,US_Subsistence,Upper,478,3656,1100,0,5444,792,3272,815,0,355,15912
1986,6,US_Comm,Middle,52,396,40,0,261,64,92,38,0,7,950
1986,6,US_Sport,Middle,1,82,366,0,232,10,102,2,0,1,796
1986,6,US_Subsistence,Middle,256,1948,197,0,1284,315,453,187,0,34,4674
1986,7,US_Comm,Upper,0,0,1661,0,4865,119,4034,59,0,59,10797
1986,7,US_Subsistence,Upper,0,0,1472,0,4311,105,3575,52,0,52,9567
1987,1,US_Comm,Lower,0,1344,1524,11,17640,11,686,52,0,50,21318
1987,1,US_Comm,Middle,0,357,1193,11,12320,19,946,41,0,0,14887
1987,1,US_Comm,Upper,0,965,3101,11,28040,229,4961,2780,0,351,40438
1987,1,US_Subsistence,Lower,0,13,82,0,1640,0,66,9,0,0,1810
1987,1,US_Subsistence,Middle,0,9,116,0,1535,2,141,8,0,0,1811
1987,1,US_Subsistence,Upper,0,19,200,0,2308,38,530,482,0,80,3657
1987,2,US_Comm,Lower,0,352,371,11,5086,58,199,6,0,0,6083
1987,2,US_Comm,Middle,0,384,823,11,7646,61,684,11,0,0,9620
1987,2,US_Comm,Upper,0,1468,2665,11,21389,135,4777,1250,0,60,31755
1987,2,US_Subsistence,Lower,0,0,24,0,1202,0,40,2,0,0,1268
1987,2,US_Subsistence,Middle,0,0,53,0,1824,0,139,3,0,0,2019
1987,2,US_Subsistence,Upper,0,0,169,0,5074,0,962,347,0,27,6579
1987,3,US_Comm,Lower,0,9,14,1,224,4,9,0,0,0,261
1987,3,US_Comm,Middle,0,9,34,1,337,4,30,0,0,0,415
1987,3,US_Comm,Upper,0,33,109,1,944,9,207,58,0,2,1363
1987,3,US_Subsistence,Lower,0,5,36,0,854,0,33,4,0,0,932
1987,3,US_Subsistence,Middle,0,3,54,0,941,1,81,3,0,0,1083
1987,3,US_Subsistence,Upper,0,7,109,0,1886,14,392,250,0,35,2693
1987,4,US_Comm,Lower,3,29,24,1,140,2,4,1,0,0,204
1987,4,US_Comm,Middle,3,32,53,1,211,2,15,1,0,0,318
1987,4,US_Comm,Upper,3,115,173,0,590,2,102,17,0,0,1002
1987,4,US_Subsistence,Lower,14,138,114,5,666,10,19,5,0,0,971
1987,4,US_Subsistence,Middle,14,152,252,5,1003,9,71,5,0,0,1511
1987,4,US_Subsistence,Upper,14,547,823,0,2805,9,485,81,0,0,4764
1987,5,US_Comm,Upper,9,272,451,2,2524,13,455,32,0,0,3758
1987,5,US_Subsistence,Upper,43,1395,2312,13,12926,68,2331,161,0,0,19249
1987,6,US_Comm,Middle,22,450,661,6,1941,22,219,17,0,0,3338
1987,6,US_Sport,Middle,0,21,65,0,374,1,40,1,0,0,502
1987,6,US_Subsistence,Middle,32,644,946,8,2778,31,314,24,0,0,4777
1987,7,US_Comm,Upper,0,330,851,0,3867,137,1043,467,0,55,6750
1987,7,US_Subsistence,Upper,0,531,1370,0,6224,220,1679,752,0,88,10864
1988,1,US_Comm,Lower,0,6039,4744,96,8118,73,1702,5,0,7,20784
1988,1,US_Comm,Middle,0,332,863,25,4897,0,3190,7,0,13,9327
1988,1,US_Comm,Upper,0,3106,8328,0,4734,186,9477,630,0,537,26998
1988,1,US_Subsistence,Lower,0,17,87,0,575,6,89,0,0,0,774
1988,1,US_Subsistence,Middle,0,9,38,0,534,0,167,0,0,1,749
1988,1,US_Subsistence,Upper,0,33,463,0,307,18,1565,24,0,72,2482
1988,2,US_Comm,Lower,0,2849,2754,32,4487,20,780,3,0,9,10934
1988,2,US_Comm,Middle,0,196,178,9,2901,0,1510,1,0,6,4801
1988,2,US_Comm,Upper,0,2220,6073,3,3204,128,7373,294,0,158,19453
1988,2,US_Subsistence,Lower,0,17,71,0,513,5,132,0,0,1,739
1988,2,US_Subsistence,Middle,0,6,25,0,512,0,205,0,0,0,748
1988,2,US_Subsistence,Upper,0,47,483,0,352,14,1355,22,0,63,2336
1988,3,US_Comm,Lower,0,121,77,0,197,0,24,0,0,0,419
1988,3,US_Comm,Middle,0,0,0,0,179,0,46,0,0,0,225
1988,3,US_Comm,Upper,0,101,298,0,174,6,521,15,0,8,1123
1988,3,US_Subsistence,Lower,0,20,92,0,632,6,128,0,0,1,879
1988,3,US_Subsistence,Middle,0,9,37,0,608,0,216,0,0,0,870
1988,3,US_Subsistence,Upper,0,46,549,0,383,19,1696,27,0,78,2798
1988,4,US_Comm,Lower,49,118,56,18,337,14,38,0,0,2,632
1988,4,US_Comm,Middle,49,111,25,30,287,0,79,0,0,0,581
1988,4,US_Comm,Upper,48,559,521,0,261,46,473,8,0,30,1946
1988,4,US_Subsistence,Lower,140,337,160,51,963,40,109,0,0,6,1806
1988,4,US_Subsistence,Middle,140,317,72,86,821,0,226,0,0,0,1662
1988,4,US_Subsistence,Upper,137,1598,1489,0,746,132,1352,23,0,86,5563
1988,5,US_Comm,Upper,6,386,741,8,798,20,1329,79,0,69,3436
1988,5,US_Subsistence,Upper,32,2080,3993,43,4300,108,7161,425,0,372,18514
1988,6,US_Comm,Middle,8,219,187,0,235,0,129,3,0,5,786
1988,6,US_Sport,Middle,4,147,198,1,419,0,172,1,0,2,944
1988,6,US_Subsistence,Middle,72,1941,1564,0,1852,0,665,0,0,18,6112
1988,7,US_Comm,Upper,0,817,2413,0,4938,111,4270,186,0,482,13217
1988,7,US_Subsistence,Upper,0,508,1499,0,3067,69,2652,116,0,299,8210
1989,1,US_Comm,Lower,0,526,8722,0,11087,0,542,0,0,41,20918
1989,1,US_Comm,Middle,0,340,5001,0,5893,1,767,0,0,41,12043
1989,1,US_Comm,Upper,0,1937,6662,224,15411,254,3289,1189,0,437,29403
1989,1,US_Subsistence,Lower,0,2,454,0,533,0,35,0,0,5,1029
1989,1,US_Subsistence,Middle,0,4,415,0,568,0,91,0,0,5,1083
1989,1,US_Subsistence,Upper,0,21,586,0,1533,0,402,136,0,61,2739
1989,2,US_Comm,Lower,4,350,4731,0,7092,0,450,0,0,11,12638
1989,2,US_Comm,Middle,4,98,1544,0,2429,0,368,0,0,11,4454
1989,2,US_Comm,Upper,4,1386,4540,93,7092,338,1769,701,0,210,16133
1989,2,US_Subsistence,Lower,0,11,525,0,1253,0,86,0,0,0,1875
1989,2,US_Subsistence,Middle,0,7,526,0,443,0,72,0,0,0,1048
1989,2,US_Subsistence,Upper,0,137,981,12,2110,139,547,234,0,64,4224
1989,3,US_Comm,Lower,0,30,333,0,404,0,27,0,0,1,795
1989,3,US_Comm,Middle,0,7,45,0,128,0,20,0,0,1,201
1989,3,US_Comm,Upper,0,82,206,8,254,5,66,21,0,7,649
1989,3,US_Subsistence,Lower,0,7,351,0,838,0,57,0,0,0,1253
1989,3,US_Subsistence,Middle,0,5,352,0,296,0,48,0,0,0,701
1989,3,US_Subsistence,Upper,0,91,656,8,1411,93,366,156,0,43,2824
1989,4,US_Comm,Lower,65,96,496,0,437,6,0,0,0,0,1100
1989,4,US_Comm,Middle,65,15,129,0,110,6,0,0,0,0,325
1989,4,US_Comm,Upper,65,461,564,0,269,6,0,0,0,0,1365
1989,4,US_Subsistence,Lower,193,285,1472,0,1296,18,0,0,0,0,3264
1989,4,US_Subsistence,Middle,193,44,383,0,326,18,0,0,0,0,964
1989,4,US_Subsistence,Upper,193,1368,1673,0,798,18,0,0,0,0,4050
1989,5,US_Comm,Upper,11,529,877,11,1439,95,213,111,0,0,3286
1989,5,US_Subsistence,Upper,74,3562,5905,74,9689,640,1434,747,0,0,22125
1989,6,US_Comm,Middle,8,71,529,0,1257,44,249,23,0,0,2181
1989,6,US_Sport,Middle,4,43,307,4,593,2,100,0,0,0,1053
1989,6,US_Subsistence,Middle,16,137,994,0,2183,84,443,26,0,0,3883
1989,7,US_Comm,Upper,0,96,1003,0,6479,0,2017,97,0,97,9789
1989,7,US_Subsistence,Upper,0,80,836,0,5397,0,1680,81,0,81,8155
1990,1,US_Comm,Lower,0,2523,2945,0,6996,1,269,0,0,0,12734
1990,1,US_Comm,Middle,0,1741,3343,14,9765,0,908,0,0,0,15771
1990,1,US_Comm,Upper,0,2549,5998,311,12019,186,1498,1138,0,58,23757
1990,1,US_Subsistence,Lower,0,321,435,0,281,0,10,0,0,0,1047
1990,1,US_Subsistence,Middle,0,181,348,0,1796,0,152,0,0,0,2477
1990,1,US_Subsistence,Upper,0,412,871,44,1830,25,203,152,0,8,3545
1990,2,US_Comm,Lower,0,1596,2547,0,5421,1,231,0,0,10,9806
1990,2,US_Comm,Middle,0,631,1980,3,5377,0,637,0,0,10,8638
1990,2,US_Comm,Upper,0,3634,3852,39,5904,158,965,208,0,9,14769
1990,2,US_Subsistence,Lower,0,1057,1070,4,1675,15,70,0,0,3,3894
1990,2,US_Subsistence,Middle,0,609,837,4,1646,15,209,0,0,3,3323
1990,2,US_Subsistence,Upper,0,18,502,4,1479,15,248,60,0,3,2329
1990,3,US_Comm,Lower,0,128,214,0,462,0,15,0,0,0,819
1990,3,US_Comm,Middle,0,25,98,0,471,0,44,0,0,0,638
1990,3,US_Comm,Upper,0,215,180,0,417,4,52,16,0,0,884
1990,3,US_Subsistence,Lower,0,224,374,0,808,0,26,0,0,0,1432
1990,3,US_Subsistence,Middle,0,44,171,0,823,0,77,0,0,0,1115
1990,3,US_Subsistence,Upper,0,376,315,0,729,7,91,28,0,0,1546
1990,4,US_Comm,Lower,0,442,310,0,317,0,10,0,0,0,1079
1990,4,US_Comm,Middle,0,256,200,1,319,0,30,0,0,0,806
1990,4,US_Comm,Upper,0,831,357,14,389,2,51,9,0,0,1653
1990,4,US_Subsistence,Lower,0,1309,918,0,939,0,30,0,0,0,3196
1990,4,US_Subsistence,Middle,0,758,592,3,945,0,89,0,0,0,2387
1990,4,US_Subsistence,Upper,0,2461,1057,41,1152,6,151,27,0,0,4895
1990,5,US_Comm,Upper,0,816,1062,66,1087,106,156,56,0,16,3365
1990,5,US_Subsistence,Upper,0,3941,5129,319,5250,512,754,271,0,77,16253
1990,6,US_Comm,Middle,0,636,598,0,1619,0,117,19,0,0,2989
1990,6,US_Sport,Middle,1,105,136,1,263,0,38,0,0,0,544
1990,6,US_Subsistence,Middle,7,722,936,7,1809,0,261,0,0,0,3742
1990,7,US_Comm,Upper,0,2746,3574,222,3658,357,525,188,0,54,11324
1990,7,US_Subsistence,Upper,0,1916,2494,155,2553,249,367,132,0,37,7903
1991,1,US_Comm,Lower,0,321,7134,0,12371,37,984,110,0,21,20978
1991,1,US_Comm,Middle,0,381,8966,0,5156,63,975,110,0,52,15703
1991,1,US_Comm,Upper,0,15,6306,0,10407,303,2431,603,0,71,20136
1991,1,US_Subsistence,Lower,0,134,574,0,696,0,49,0,0,0,1453
1991,1,US_Subsistence,Middle,0,232,904,0,391,0,61,0,0,12,1600
1991,1,US_Subsistence,Upper,0,25,1332,0,1100,49,232,110,0,24,2872
1991,2,US_Comm,Lower,0,637,6725,0,7089,13,361,40,0,10,14875
1991,2,US_Comm,Middle,0,436,7371,0,4890,47,590,40,0,10,13384
1991,2,US_Comm,Upper,0,16,3603,14,6177,157,973,163,0,11,11114
1991,2,US_Subsistence,Lower,0,0,840,0,1138,0,52,0,0,0,2030
1991,2,US_Subsistence,Middle,0,0,1931,0,563,3,58,0,0,0,2555
1991,2,US_Subsistence,Upper,0,0,992,0,1745,43,252,0,0,0,3032
1991,3,US_Comm,Lower,0,106,496,0,466,0,30,0,0,1,1099
1991,3,US_Comm,Middle,0,63,289,0,238,1,38,0,0,1,630
1991,3,US_Comm,Upper,0,2,184,3,343,6,64,12,0,1,615
1991,3,US_Subsistence,Lower,0,144,675,0,634,0,41,0,0,1,1495
1991,3,US_Subsistence,Middle,0,86,393,0,324,1,52,0,0,1,857
1991,3,US_Subsistence,Upper,0,3,250,4,466,8,87,16,0,1,835
1991,4,US_Comm,Lower,0,609,918,0,320,0,8,0,0,0,1855
1991,4,US_Comm,Middle,0,362,535,0,164,2,10,0,0,0,1073
1991,4,US_Comm,Upper,0,11,340,0,236,15,17,35,0,0,654
1991,4,US_Subsistence,Lower,0,1749,2637,0,919,0,23,0,0,0,5328
1991,4,US_Subsistence,Middle,0,1040,1537,0,471,6,29,0,0,0,3083
1991,4,US_Subsistence,Upper,0,31,977,0,678,43,49,100,0,0,1878
1991,5,US_Comm,Upper,0,203,1923,27,1399,44,219,11,0,0,3826
1991,5,US_Subsistence,Upper,0,862,8166,115,5941,187,930,47,0,0,16248
1991,6,US_Comm,Middle,0,299,745,0,119,0,0,0,0,0,1163
1991,6,US_Sport,Middle,1,64,387,0,271,1,48,0,0,1,773
1991,6,US_Subsistence,Middle,0,900,2247,0,360,0,0,0,0,0,3507
1991,7,US_Comm,Upper,0,579,5482,77,3988,125,624,31,0,0,10906
1991,7,US_Subsistence,Upper,0,515,4876,68,3547,112,555,28,0,0,9701
1992,1,US_Comm,Lower,0,1384,4361,0,10182,1,1016,0,0,2,16946
1992,1,US_Comm,Middle,0,1268,1395,0,11247,21,235,17,0,2,14185
1992,1,US_Comm,Upper,0,242,5856,0,36292,76,1315,228,0,2,44011
1992,1,US_Subsistence,Lower,0,36,197,0,584,0,47,0,0,0,864
1992,1,US_Subsistence,Middle,0,47,72,0,413,0,6,1,0,0,539
1992,1,US_Subsistence,Upper,0,5,300,0,3297,0,107,29,0,0,3738
1992,2,US_Comm,Lower,0,672,2819,3,4487,0,402,0,0,0,8383
1992,2,US_Comm,Middle,0,652,1185,5,8719,11,173,19,0,0,10764
1992,2,US_Comm,Upper,0,51,2337,0,15721,36,628,189,0,30,18992
1992,2,US_Subsistence,Lower,0,14,197,0,688,0,64,0,0,0,963
1992,2,US_Subsistence,Middle,0,59,233,0,1774,0,31,6,0,0,2103
1992,2,US_Subsistence,Upper,0,3,284,0,3483,0,131,70,0,37,4008
1992,3,US_Comm,Lower,0,7,74,0,185,0,18,0,0,0,284
1992,3,US_Comm,Middle,0,28,108,1,623,0,15,2,0,0,777
1992,3,US_Comm,Upper,0,0,68,0,650,0,35,5,0,0,758
1992,3,US_Subsistence,Lower,0,18,194,0,486,0,47,0,0,0,745
1992,3,US_Subsistence,Middle,0,74,283,3,1635,0,39,5,0,0,2039
1992,3,US_Subsistence,Upper,0,0,178,0,1706,0,92,13,0,0,1989
1992,4,US_Comm,Lower,9,154,279,0,76,0,15,0,0,0,533
1992,4,US_Comm,Middle,9,616,406,0,256,0,13,0,0,0,1300
1992,4,US_Comm,Upper,9,0,256,0,267,0,29,0,0,0,561
1992,4,US_Subsistence,Lower,27,466,844,0,230,0,45,0,0,0,1612
1992,4,US_Subsistence,Middle,27,1863,1228,0,774,0,39,0,0,0,3931
1992,4,US_Subsistence,Upper,27,0,774,0,807,0,88,0,0,0,1696
1992,5,US_Comm,Upper,0,580,1318,0,1918,26,13,0,0,0,3855
1992,5,US_Subsistence,Upper,0,2656,6035,0,8783,119,60,0,0,0,17653
1992,6,US_Comm,Middle,18,408,204,4,151,0,0,0,0,0,785
1992,6,US_Sport,Middle,6,150,102,1,167,1,3,1,0,0,431
1992,6,US_Subsistence,Middle,85,1945,975,20,721,0,0,0,0,0,3746
1992,7,US_Comm,Upper,0,1636,3719,0,5412,73,37,0,0,0,10877
1992,7,US_Subsistence,Upper,0,1057,2402,0,3496,47,24,0,0,0,7026
1993,1,US_Comm,Lower,0,820,1739,0,13428,0,741,0,0,4,16732
1993,1,US_Comm,Middle,0,1761,5237,0,6163,56,245,0,0,4,13466
1993,1,US_Comm,Upper,0,157,3902,0,12570,145,3205,513,0,4,20496
1993,1,US_Subsistence,Lower,0,7,274,0,1888,0,96,0,0,7,2272
1993,1,US_Subsistence,Middle,0,74,1222,0,1592,7,59,0,0,7,2961
1993,1,US_Subsistence,Upper,0,7,1207,0,3139,15,726,89,0,7,5190
1993,2,US_Comm,Lower,5,608,1941,0,8375,0,507,0,0,4,11440
1993,2,US_Comm,Middle,14,1134,2246,0,5080,50,182,0,0,4,8710
1993,2,US_Comm,Upper,5,227,4386,0,9891,111,2327,356,0,4,17307
1993,2,US_Subsistence,Lower,0,8,303,0,2086,0,106,0,0,8,2511
1993,2,US_Subsistence,Middle,0,82,1350,0,1759,8,65,0,0,8,3272
1993,2,US_Subsistence,Upper,0,8,1333,0,3468,16,802,98,0,8,5733
1993,3,US_Comm,Lower,0,20,71,0,359,0,20,0,0,0,470
1993,3,US_Comm,Middle,1,42,87,0,217,3,7,0,0,0,357
1993,3,US_Comm,Upper,0,7,127,0,438,5,90,7,0,0,674
1993,3,US_Subsistence,Lower,0,5,170,0,1173,0,60,0,0,4,1412
1993,3,US_Subsistence,Middle,0,46,759,0,989,4,37,0,0,4,1839
1993,3,US_Subsistence,Upper,0,4,750,0,1950,9,451,55,0,4,3223
1993,4,US_Comm,Lower,0,205,105,3,133,0,4,0,0,0,450
1993,4,US_Comm,Middle,23,431,130,3,81,4,1,0,0,0,673
1993,4,US_Comm,Upper,0,72,189,3,162,8,20,0,0,0,454
1993,4,US_Subsistence,Lower,0,1506,771,22,977,0,29,0,0,0,3305
1993,4,US_Subsistence,Middle,169,3165,955,22,595,29,7,0,0,0,4942
1993,4,US_Subsistence,Upper,0,529,1388,22,1190,59,147,0,0,0,3335
1993,5,US_Comm,Upper,0,922,921,0,992,11,123,34,0,5,3008
1993,5,US_Subsistence,Upper,0,5945,5939,0,6396,71,793,219,0,32,19395
1993,6,US_Comm,Middle,31,685,424,0,299,0,6,0,0,0,1445
1993,6,US_Sport,Middle,12,488,682,0,495,1,17,0,0,0,1695
1993,6,US_Subsistence,Middle,132,2949,1877,0,1326,0,27,0,0,0,6311
1993,7,US_Comm,Upper,0,3173,3169,0,3413,38,423,117,0,17,10350
1993,7,US_Subsistence,Upper,0,1919,1917,0,2065,23,256,71,0,10,6261
1994,1,US_Comm,Lower,1,978,6962,0,7302,0,534,0,0,29,15806
1994,1,US_Comm,Middle,1,219,2880,0,9516,14,384,0,0,0,13014
1994,1,US_Comm,Upper,1,188,15525,0,17131,63,1807,262,0,5,34982
1994,1,US_Subsistence,Lower,4,47,426,0,469,0,43,0,0,0,989
1994,1,US_Subsistence,Middle,4,22,409,0,1087,0,56,0,0,0,1578
1994,1,US_Subsistence,Upper,4,21,1914,0,1880,0,247,21,0,0,4087
1994,2,US_Comm,Lower,0,199,6324,0,5048,0,400,0,0,0,11971
1994,2,US_Comm,Middle,0,110,3224,0,6241,11,241,0,0,0,9827
1994,2,US_Comm,Upper,0,56,7979,0,10693,41,1091,0,0,104,19964
1994,2,US_Subsistence,Lower,5,64,578,0,637,0,58,0,0,0,1342
1994,2,US_Subsistence,Middle,5,30,555,0,1476,0,76,0,0,0,2142
1994,2,US_Subsistence,Upper,5,29,2599,0,2553,0,335,0,0,29,5550
1994,3,US_Comm,Lower,0,6,138,0,109,0,6,0,0,0,259
1994,3,US_Comm,Middle,0,5,151,0,191,0,6,0,0,0,353
1994,3,US_Comm,Upper,0,2,199,0,272,1,21,7,0,0,502
1994,3,US_Subsistence,Lower,0,31,726,0,573,0,32,0,0,0,1362
1994,3,US_Subsistence,Middle,0,26,794,0,1004,0,32,0,0,0,1856
1994,3,US_Subsistence,Upper,0,10,1047,0,1430,5,111,37,0,0,2640
1994,4,US_Comm,Lower,5,91,441,0,123,0,7,0,0,0,667
1994,4,US_Comm,Middle,5,73,483,0,216,0,7,0,0,0,784
1994,4,US_Comm,Upper,5,18,636,0,308,0,25,0,0,0,992
1994,4,US_Subsistence,Lower,21,381,1825,0,509,0,29,0,0,0,2765
1994,4,US_Subsistence,Middle,21,302,1999,0,894,0,29,0,0,0,3245
1994,4,US_Subsistence,Upper,21,74,2632,0,1275,0,99,0,0,0,4101
1994,5,US_Comm,Upper,17,485,2150,0,976,0,116,0,0,0,3744
1994,5,US_Subsistence,Upper,87,2475,10970,0,4980,0,592,0,0,0,19104
1994,6,US_Comm,Middle,145,376,1115,0,912,0,58,0,0,0,2606
1994,6,US_Sport,Middle,8,63,932,0,1185,6,87,0,0,0,2281
1994,6,US_Subsistence,Middle,211,549,1627,0,1330,0,85,0,0,0,3802
1994,7,US_Comm,Upper,55,1558,6907,0,3135,0,373,0,0,0,12028
1994,7,US_Subsistence,Upper,42,1190,5277,0,2396,0,285,0,0,0,9190
1995,1,US_Comm,Lower,0,1679,2809,0,14633,34,501,8,0,18,19682
1995,1,US_Comm,Middle,0,428,1604,0,17304,34,600,206,0,18,20194
1995,1,US_Comm,Upper,0,485,4596,0,31136,34,2031,8,0,18,38308
1995,1,US_Subsistence,Lower,0,0,0,0,771,5,10,0,0,0,786
1995,1,US_Subsistence,Middle,0,29,39,0,644,5,9,0,0,0,726
1995,1,US_Subsistence,Upper,0,67,455,0,3796,5,125,0,0,0,4448
1995,2,US_Comm,Lower,6,1303,1180,86,4027,47,54,2,0,0,6705
1995,2,US_Comm,Middle,28,565,1332,86,6746,47,119,410,0,0,9333
1995,2,US_Comm,Upper,6,103,2297,86,22146,47,807,2,0,0,25494
1995,2,US_Subsistence,Lower,0,66,92,64,697,16,20,0,0,0,955
1995,2,US_Subsistence,Middle,0,62,202,64,2074,16,62,209,0,0,2689
1995,2,US_Subsistence,Upper,0,14,226,64,4729,16,344,0,0,0,5393
1995,3,US_Comm,Lower,0,0,0,0,0,0,0,0,0,0,0
1995,3,US_Comm,Middle,0,0,0,0,0,0,0,0,0,0,0
1995,3,US_Comm,Upper,0,0,0,0,0,0,0,0,0,0,0
1995,3,US_Subsistence,Lower,0,24,33,23,530,8,11,0,0,0,629
1995,3,US_Subsistence,Middle,0,33,87,23,982,8,26,76,0,0,1235
1995,3,US_Subsistence,Upper,0,29,246,23,3080,8,169,0,0,0,3555
1995,4,US_Comm,Lower,0,127,36,0,48,1,2,0,0,0,214
1995,4,US_Comm,Middle,0,31,26,0,101,1,7,0,0,0,166
1995,4,US_Comm,Upper,0,0,11,0,91,1,16,0,0,0,119
1995,4,US_Subsistence,Lower,0,1548,375,0,782,16,33,0,0,0,2754
1995,4,US_Subsistence,Middle,0,1026,554,0,1645,16,114,0,0,0,3355
1995,4,US_Subsistence,Upper,0,0,261,0,0,1483,16,261,0,0,2021
1995,5,US_Comm,Upper,0,454,859,0,1845,10,61,13,0,0,3242
1995,5,US_Subsistence,Upper,0,2301,4354,0,9351,51,309,66,0,0,16432
1995,6,US_Comm,Middle,0,793,479,0,1364,0,111,0,0,0,2747
1995,6,US_Sport,Middle,2,248,538,0,1653,0,72,12,0,0,2525
1995,6,US_Subsistence,Middle,0,1142,690,0,1964,0,160,0,0,0,3956
1995,7,US_Comm,Upper,0,1561,2953,0,6343,34,210,45,0,0,11146
1995,7,US_Subsistence,Upper,0,1364,2581,0,5544,30,183,39,0,0,9741
1996,1,US_Comm,Lower,0,178,2127,0,8202,0,5363,12,0,72,15954
1996,1,US_Comm,Middle,6,423,6110,0,369,0,613,0,0,48,7569
1996,1,US_Comm,Upper,0,65,13306,0,13174,232,7901,91,0,48,34817
1996,1,US_Subsistence,Lower,0,6,171,0,0,460,0,399,0,3,1039
1996,1,US_Subsistence,Middle,0,10,325,0,0,0,0,0,0,0,335
1996,1,US_Subsistence,Upper,0,2,1021,0,0,684,11,535,0,19,2272
1996,2,US_Comm,Lower,5,50,861,0,4808,1,2926,17,0,135,8803
1996,2,US_Comm,Middle,11,105,1484,0,120,0,189,0,0,1,1910
1996,2,US_Comm,Upper,1,46,11980,0,4409,178,2802,79,0,1,19496
1996,2,US_Subsistence,Lower,0,0,0,0,1524,0,963,6,0,84,2577
1996,2,US_Subsistence,Middle,0,27,376,0,0,0,0,0,0,0,403
1996,2,US_Subsistence,Upper,0,16,3567,0,753,21,428,15,0,0,4800
1996,3,US_Comm,Lower,0,0,0,0,0,0,0,0,0,0,0
1996,3,US_Comm,Middle,0,0,0,0,0,0,0,0,0,0,0
1996,3,US_Comm,Upper,0,0,0,0,0,0,0,0,0,0,0
1996,3,US_Subsistence,Lower,0,4,101,0,1178,0,808,5,0,50,2146
1996,3,US_Subsistence,Middle,0,22,416,0,0,0,0,0,0,0,438
1996,3,US_Subsistence,Upper,0,11,2724,0,853,19,572,20,0,0,4199
1996,4,US_Comm,Lower,0,0,3,0,32,0,11,1,0,0,47
1996,4,US_Comm,Middle,0,0,5,0,1,0,0,0,0,0,6
1996,4,US_Comm,Upper,0,0,38,0,29,0,11,6,0,0,84
1996,4,US_Subsistence,Lower,0,0,147,0,1832,0,660,73,0,0,2712
1996,4,US_Subsistence,Middle,0,0,293,0,73,0,0,0,0,0,366
1996,4,US_Subsistence,Upper,0,0,2198,0,1686,0,660,366,0,0,4910
1996,5,US_Comm,Upper,0,129,1776,14,613,82,123,20,0,0,2757
1996,5,US_Subsistence,Upper,0,728,10026,79,3460,463,694,113,0,0,15563
1996,6,US_Comm,Middle,67,154,195,0,21,0,10,0,0,0,447
1996,6,US_Sport,Middle,74,199,1313,0,823,0,742,0,0,0,3151
1996,6,US_Subsistence,Middle,264,607,768,0,83,0,39,0,0,0,1761
1996,7,US_Comm,Upper,0,712,4782,0,3860,0,810,0,0,0,10164
1996,7,US_Subsistence,Upper,0,666,4473,0,3611,0,758,0,0,0,9508
1997,1,US_Comm,Lower,0,2928,2879,0,18962,0,89,0,0,0,24858
1997,1,US_Comm,Middle,0,574,604,0,12170,0,251,0,0,0,13599
1997,1,US_Comm,Upper,0,200,4414,0,25254,0,828,42,0,0,30738
1997,1,US_Subsistence,Lower,0,176,209,0,2170,0,10,0,0,0,2565
1997,1,US_Subsistence,Middle,0,4,4,0,1138,0,25,0,0,0,1171
1997,1,US_Subsistence,Upper,0,39,776,0,2875,0,101,23,0,0,3814
1997,2,US_Comm,Lower,0,1271,1203,0,11396,0,32,0,0,0,13902
1997,2,US_Comm,Middle,0,9,3,0,5286,0,67,0,0,0,5365
1997,2,US_Comm,Upper,0,343,3291,0,16126,0,304,32,0,0,20096
1997,2,US_Subsistence,Lower,0,0,0,0,2377,0,4,0,0,0,2381
1997,2,US_Subsistence,Middle,0,0,0,0,974,0,6,0,0,0,980
1997,2,US_Subsistence,Upper,0,188,973,0,4775,0,53,0,0,0,5989
1997,3,US_Comm,Lower,0,0,0,0,0,0,0,0,0,0,0
1997,3,US_Comm,Middle,0,0,0,0,0,0,0,0,0,0,0
1997,3,US_Comm,Upper,0,0,0,0,0,0,0,0,0,0,0
1997,3,US_Subsistence,Lower,0,90,107,0,1732,0,6,0,0,0,1935
1997,3,US_Subsistence,Middle,0,2,2,0,837,0,14,0,0,0,855
1997,3,US_Subsistence,Upper,0,69,652,0,2723,0,65,12,0,0,3521
1997,4,US_Comm,Lower,0,106,74,0,360,0,1,0,0,0,541
1997,4,US_Comm,Middle,0,1,0,0,167,0,2,0,0,0,170
1997,4,US_Comm,Upper,0,28,200,0,509,0,9,0,0,0,746
1997,4,US_Subsistence,Lower,0,830,580,0,2820,0,8,0,0,0,4238
1997,4,US_Subsistence,Middle,0,8,0,0,1308,0,16,0,0,0,1332
1997,4,US_Subsistence,Upper,0,219,1567,0,3988,0,71,0,0,0,5845
1997,5,US_Comm,Upper,0,372,650,0,2453,21,85,97,0,0,3678
1997,5,US_Subsistence,Upper,0,1794,3134,0,11828,101,410,468,0,0,17735
1997,6,US_Comm,Middle,0,1545,510,0,673,0,0,0,0,0,2728
1997,6,US_Sport,Middle,2,451,267,0,1165,0,27,1,0,0,1913
1997,6,US_Subsistence,Middle,0,2226,735,0,969,0,0,0,0,0,3930
1997,7,US_Comm,Upper,0,537,939,0,3542,30,123,140,0,0,5311
1997,7,US_Subsistence,Upper,0,1135,1982,0,7481,64,259,296,0,0,11217
1998,1,US_Comm,Lower,0,927,7948,0,3236,2,426,5,0,3,12547
1998,1,US_Comm,Middle,0,84,2165,0,246,0,65,0,0,3,2563
1998,1,US_Comm,Upper,0,36,4159,0,5534,21,1399,29,0,3,11181
1998,1,US_Subsistence,Lower,0,83,1872,0,742,0,91,0,0,0,2788
1998,1,US_Subsistence,Middle,0,8,577,0,148,0,41,0,0,0,774
1998,1,US_Subsistence,Upper,0,0,726,0,2343,17,569,25,0,0,3680
1998,2,US_Comm,Lower,0,543,6627,0,2251,3,283,5,0,0,9712
1998,2,US_Comm,Middle,0,26,1274,0,181,0,42,0,0,0,1523
1998,2,US_Comm,Upper,0,9,1983,0,2847,16,750,14,0,0,5619
1998,2,US_Subsistence,Lower,0,108,2444,0,969,0,119,0,0,0,3640
1998,2,US_Subsistence,Middle,0,10,753,0,193,0,54,0,0,0,1010
1998,2,US_Subsistence,Upper,0,0,948,0,3059,22,743,33,0,0,4805
1998,3,US_Comm,Lower,0,0,0,0,0,0,0,0,0,0,0
1998,3,US_Comm,Middle,0,0,0,0,0,0,0,0,0,0,0
1998,3,US_Comm,Upper,0,0,0,0,0,0,0,0,0,0,0
1998,3,US_Subsistence,Lower,0,52,1167,0,463,0,57,0,0,0,1739
1998,3,US_Subsistence,Middle,0,5,359,0,92,0,26,0,0,0,482
1998,3,US_Subsistence,Upper,0,0,452,0,1460,10,355,16,0,0,2293
1998,4,US_Comm,Lower,0,0,0,0,0,0,0,0,0,0,0
1998,4,US_Comm,Middle,0,0,0,0,0,0,0,0,0,0,0
1998,4,US_Comm,Upper,0,0,0,0,0,0,0,0,0,0,0
1998,4,US_Subsistence,Lower,0,145,2387,0,1596,3,189,7,0,6,4333
1998,4,US_Subsistence,Middle,0,53,3516,0,2740,0,701,0,0,6,7016
1998,4,US_Subsistence,Upper,0,4,936,0,2604,30,606,43,0,6,4229
1998,5,US_Comm,Upper,0,8,258,0,185,0,66,0,0,0,517
1998,5,US_Subsistence,Upper,0,226,7297,0,5233,0,1867,0,0,0,14623
1998,6,US_Comm,Middle,5,69,801,0,88,0,0,0,0,0,963
1998,6,US_Sport,Middle,18,66,1083,0,279,0,54,0,0,0,1500
1998,6,US_Subsistence,Middle,14,192,2227,0,245,0,0,0,0,0,2678
1998,7,US_Comm,Upper,0,13,193,0,143,0,41,0,0,0,390
1998,7,US_Subsistence,Upper,0,185,2745,0,2034,0,583,0,0,0,5547
1999,1,US_Comm,Lower,0,739,3663,0,20234,10,283,47,0,0,24976
1999,1,US_Comm,Middle,0,31,324,0,1340,10,16,47,0,0,1768
1999,1,US_Comm,Upper,0,24,1624,0,9562,10,199,47,0,0,11466
1999,1,US_Subsistence,Lower,0,40,350,0,3623,6,32,6,0,0,4057
1999,1,US_Subsistence,Middle,0,12,142,0,311,6,2,6,0,0,479
1999,1,US_Subsistence,Upper,0,1,209,0,2062,5,30,5,0,0,2312
1999,2,US_Comm,Lower,0,557,2009,0,11754,8,188,40,0,0,14556
1999,2,US_Comm,Middle,0,45,177,0,534,8,8,39,0,0,811
1999,2,US_Comm,Upper,0,28,1543,0,10017,8,287,39,0,0,11922
1999,2,US_Subsistence,Lower,0,136,349,0,3902,0,69,0,0,0,4456
1999,2,US_Subsistence,Middle,0,30,112,0,142,0,2,0,0,0,286
1999,2,US_Subsistence,Upper,0,15,618,0,4930,0,134,0,0,0,5697
1999,3,US_Comm,Lower,0,11,56,0,287,1,4,1,0,0,360
1999,3,US_Comm,Middle,0,0,2,0,16,0,0,1,0,0,19
1999,3,US_Comm,Upper,0,0,31,0,125,0,2,1,0,0,159
1999,3,US_Subsistence,Lower,0,101,258,0,2883,0,51,0,0,0,3293
1999,3,US_Subsistence,Middle,0,22,83,0,105,0,2,0,0,0,212
1999,3,US_Subsistence,Upper,0,11,457,0,3643,0,99,0,0,0,4210
1999,4,US_Comm,Lower,0,101,99,0,198,0,3,0,0,0,401
1999,4,US_Comm,Middle,0,47,63,0,35,0,0,0,0,0,145
1999,4,US_Comm,Upper,0,39,257,0,584,0,11,0,0,0,891
1999,4,US_Subsistence,Lower,0,66,565,0,2014,0,44,0,0,0,2689
1999,4,US_Subsistence,Middle,0,66,339,0,351,0,0,0,0,0,756
1999,4,US_Subsistence,Upper,0,66,1413,0,5912,0,88,0,0,0,7479
1999,5,US_Comm,Upper,0,224,914,0,1414,0,52,0,0,0,2604
1999,5,US_Subsistence,Upper,0,1219,4973,0,7693,0,283,0,0,0,14168
1999,6,US_Comm,Middle,0,113,298,0,278,0,0,0,0,0,689
1999,6,US_Sport,Middle,0,74,250,0,697,0,2,0,0,0,1023
1999,6,US_Subsistence,Middle,100,618,717,0,956,0,40,0,0,0,2431
1999,7,US_Comm,Upper,0,0,616,0,2504,0,20,20,0,0,3160
1999,7,US_Subsistence,Upper,0,1,1799,0,7378,0,60,57,0,0,9295
2000,1,US_Comm,Lower,0,40,918,0,1877,0,79,7,0,0,2921
2000,1,US_Comm,Middle,0,14,74,0,379,0,80,7,0,0,554
2000,1,US_Comm,Upper,0,2,377,0,958,0,191,7,0,0,1535
2000,1,US_Subsistence,Lower,0,46,804,0,1975,0,62,10,0,0,2897
2000,1,US_Subsistence,Middle,0,17,67,0,528,0,91,10,0,0,713
2000,1,US_Subsistence,Upper,0,4,647,0,1391,0,229,10,0,0,2281
2000,2,US_Comm,Lower,0,20,771,0,1194,0,51,11,0,0,2047
2000,2,US_Comm,Middle,0,8,48,0,542,0,127,10,0,0,735
2000,2,US_Comm,Upper,0,1,418,0,729,0,165,10,0,0,1323
2000,2,US_Subsistence,Lower,0,89,1827,0,3329,7,163,7,0,0,5422
2000,2,US_Subsistence,Middle,0,26,131,0,1005,7,260,7,0,0,1436
2000,2,US_Subsistence,Upper,0,5,829,0,1794,7,435,7,0,0,3077
2000,3,US_Comm,Lower,0,0,0,0,0,0,0,0,0,0,0
2000,3,US_Comm,Middle,0,0,0,0,0,0,0,0,0,0,0
2000,3,US_Comm,Upper,0,0,0,0,0,0,0,0,0,0,0
2000,3,US_Subsistence,Lower,0,31,852,0,1207,0,64,5,0,0,2159
2000,3,US_Subsistence,Middle,0,9,61,0,364,0,102,5,0,0,541
2000,3,US_Subsistence,Upper,0,2,387,0,651,0,170,4,0,0,1214
2000,4,US_Comm,Lower,0,0,0,0,0,0,0,0,0,0,0
2000,4,US_Comm,Middle,0,0,0,0,0,0,0,0,0,0,0
2000,4,US_Comm,Upper,0,0,0,0,0,0,0,0,0,0,0
2000,4,US_Subsistence,Lower,0,100,675,0,723,0,45,0,0,0,1543
2000,4,US_Subsistence,Middle,0,9,16,0,158,0,53,0,0,0,236
2000,4,US_Subsistence,Upper,0,28,1541,0,1807,0,586,0,0,0,3962
2000,5,US_Comm,Upper,0,0,0,0,0,0,0,0,0,0,0
2000,5,US_Subsistence,Upper,0,62,3404,0,3991,0,1294,0,0,0,8751
2000,6,US_Comm,Middle,0,0,0,0,0,0,0,0,0,0,0
2000,6,US_Sport,Middle,1,71,112,0,82,0,11,0,0,0,277
2000,6,US_Subsistence,Middle,0,64,114,0,1128,0,378,0,0,0,1684
2000,7,US_Comm,Upper,0,22,1007,0,16,2554,0,519,0,0,4118
2000,7,US_Subsistence,Upper,0,4,186,0,3,472,0,96,0,0,761
2001,1,US_Comm,Lower,0,0,0,0,0,0,0,0,0,0,0
2001,1,US_Comm,Middle,0,0,0,0,0,0,0,0,0,0,0
2001,1,US_Comm,Upper,0,0,0,0,0,0,0,0,0,0,0
2001,1,US_Subsistence,Lower,0,300,705,0,3096,0,281,4,0,0,4386
2001,1,US_Subsistence,Middle,0,94,469,0,434,0,47,3,0,0,1047
2001,1,US_Subsistence,Upper,0,5,409,0,1046,0,193,3,0,0,1656
2001,2,US_Comm,Lower,0,0,0,0,0,0,0,0,0,0,0
2001,2,US_Comm,Middle,0,0,0,0,0,0,0,0,0,0,0
2001,2,US_Comm,Upper,0,0,0,0,0,0,0,0,0,0,0
2001,2,US_Subsistence,Lower,0,83,839,0,7021,0,578,0,0,0,8521
2001,2,US_Subsistence,Middle,0,26,558,0,984,0,97,0,0,0,1665
2001,2,US_Subsistence,Upper,0,1,486,0,2372,0,397,0,0,0,3256
2001,3,US_Comm,Lower,0,0,0,0,0,0,0,0,0,0,0
2001,3,US_Comm,Middle,0,0,0,0,0,0,0,0,0,0,0
2001,3,US_Comm,Upper,0,0,0,0,0,0,0,0,0,0,0
2001,3,US_Subsistence,Lower,0,88,486,0,3265,0,172,3,0,0,4014
2001,3,US_Subsistence,Middle,0,28,323,0,458,0,29,3,0,0,841
2001,3,US_Subsistence,Upper,0,1,282,0,1103,0,118,2,0,0,1506
2001,4,US_Comm,Lower,0,0,0,0,0,0,0,0,0,0,0
2001,4,US_Comm,Middle,0,0,0,0,0,0,0,0,0,0,0
2001,4,US_Comm,Upper,0,0,0,0,0,0,0,0,0,0,0
2001,4,US_Subsistence,Lower,10,569,1034,0,1442,21,107,11,0,0,3194
2001,4,US_Subsistence,Middle,22,192,743,0,1839,21,164,11,0,0,2992
2001,4,US_Subsistence,Upper,0,11,733,0,2253,21,340,11,0,0,3369
2001,5,US_Comm,Upper,0,0,0,0,0,0,0,0,0,0,0
2001,5,US_Subsistence,Upper,0,3315,5894,0,4329,0,0,0,0,0,13538
2001,6,US_Comm,Middle,0,0,0,0,0,0,0,0,0,0,0
2001,6,US_Sport,Middle,3,56,192,0,294,0,26,0,0,0,571
2001,6,US_Subsistence,Middle,0,489,1747,0,838,0,0,0,0,0,3074
2001,7,US_Comm,Upper,0,4,431,0,845,0,71,0,0,0,1351
2001,7,US_Subsistence,Upper,0,25,2775,0,5479,0,466,0,0,0,8745
2002,1,US_Comm,Lower,0,309,1457,0,3502,0,546,4,0,0,5818
2002,1,US_Comm,Middle,0,92,211,0,1069,0,359,4,0,0,1735
2002,1,US_Comm,Upper,0,14,568,0,2407,0,535,4,0,0,3528
2002,1,US_Subsistence,Lower,0,487,781,0,214,0,26,0,0,0,1508
2002,1,US_Subsistence,Middle,0,543,355,0,1052,0,275,0,0,0,2225
2002,1,US_Subsistence,Upper,0,78,936,0,730,0,126,0,0,0,1870
2002,2,US_Comm,Lower,0,105,758,0,2292,0,331,0,0,0,3486
2002,2,US_Comm,Middle,0,270,954,0,2897,0,894,0,0,0,5015
2002,2,US_Comm,Upper,0,18,1153,0,1469,0,293,0,0,0,2933
2002,2,US_Subsistence,Lower,0,140,614,0,596,0,88,0,0,0,1438
2002,2,US_Subsistence,Middle,0,156,279,0,2929,0,935,0,0,0,4299
2002,2,US_Subsistence,Upper,0,22,735,0,2032,0,428,0,0,0,3217
2002,3,US_Comm,Lower,0,0,0,0,0,0,0,0,0,0,0
2002,3,US_Comm,Middle,0,0,0,0,0,0,0,0,0,0,0
2002,3,US_Comm,Upper,0,0,0,0,0,0,0,0,0,0,0
2002,3,US_Subsistence,Lower,0,80,357,0,281,0,24,0,0,0,742
2002,3,US_Subsistence,Middle,0,89,162,0,1379,0,253,0,0,0,1883
2002,3,US_Subsistence,Upper,0,13,428,0,957,0,116,0,0,0,1514
2002,4,US_Comm,Lower,0,0,0,0,0,0,0,0,0,0,0
2002,4,US_Comm,Middle,0,0,0,0,0,0,0,0,0,0,0
2002,4,US_Comm,Upper,0,0,0,0,0,0,0,0,0,0,0
2002,4,US_Subsistence,Lower,0,514,864,0,462,0,63,0,0,0,1903
2002,4,US_Subsistence,Middle,0,887,608,0,2042,0,597,0,0,0,4134
2002,4,US_Subsistence,Upper,0,74,934,0,1609,0,310,0,0,0,2927
2002,5,US_Comm,Upper,0,67,252,0,396,0,56,0,0,0,771
2002,5,US_Subsistence,Upper,0,1111,4409,0,6846,0,932,0,0,0,13298
2002,6,US_Comm,Middle,0,94,389,0,305,0,43,0,0,5,836
2002,6,US_Sport,Middle,0,203,838,0,644,0,94,0,0,9,1788
2002,6,US_Subsistence,Middle,0,147,125,0,185,0,23,0,0,0,480
2002,7,US_Comm,Upper,0,76,269,0,269,4,86,4,0,0,708
2002,7,US_Subsistence,Upper,1,908,3265,0,3316,47,1037,47,0,0,8621
2003,1,US_Comm,Lower,3,51,1666,0,1800,0,78,0,0,9,3607
2003,1,US_Comm,Middle,4,49,2931,0,1816,0,315,0,0,9,5124
2003,1,US_Comm,Upper,0,5,1497,0,11632,0,1452,0,0,9,14595
2003,1,US_Subsistence,Lower,0,49,212,0,0,0,0,0,0,0,261
2003,1,US_Subsistence,Middle,0,189,1459,0,1827,0,208,0,0,0,3683
2003,1,US_Subsistence,Upper,0,11,767,0,1454,0,156,0,0,0,2388
2003,2,US_Comm,Lower,0,27,352,0,1529,0,65,0,0,0,1973
2003,2,US_Comm,Middle,0,81,1594,0,3451,0,535,0,0,0,5661
2003,2,US_Comm,Upper,0,16,2482,0,3668,0,482,0,0,0,6648
2003,2,US_Subsistence,Lower,0,75,792,0,35,0,1,0,0,0,903
2003,2,US_Subsistence,Middle,0,289,2083,0,1129,0,120,0,0,0,3621
2003,2,US_Subsistence,Upper,0,17,846,0,3845,0,436,0,0,0,5144
2003,3,US_Comm,Lower,0,0,0,0,0,0,0,0,0,0,0
2003,3,US_Comm,Middle,0,0,0,0,0,0,0,0,0,0,0
2003,3,US_Comm,Upper,0,0,0,0,0,0,0,0,0,0,0
2003,3,US_Subsistence,Lower,0,6,84,0,364,0,14,0,0,2,470
2003,3,US_Subsistence,Middle,0,21,526,0,1739,0,223,0,0,2,2511
2003,3,US_Subsistence,Upper,0,2,474,0,1378,0,166,0,0,1,2021
2003,4,US_Comm,Lower,2,27,32,0,0,0,0,0,0,0,61
2003,4,US_Comm,Middle,13,102,216,0,64,0,14,0,0,0,409
2003,4,US_Comm,Upper,0,3,61,0,23,0,5,0,0,0,92
2003,4,US_Subsistence,Lower,0,21,57,0,39,0,2,0,0,0,119
2003,4,US_Subsistence,Middle,0,317,1579,0,799,0,154,0,0,0,2849
2003,4,US_Subsistence,Upper,0,36,1589,0,6079,0,1106,93,0,0,8903
2003,5,US_Comm,Upper,0,56,394,0,595,3,77,9,0,0,1134
2003,5,US_Subsistence,Upper,0,1139,6982,0,9459,0,1337,99,0,0,19016
2003,6,US_Comm,Middle,18,208,748,0,722,4,108,5,0,0,1813
2003,6,US_Sport,Middle,41,419,1437,0,1304,9,203,11,0,0,3424
2003,6,US_Subsistence,Middle,4,123,967,0,894,0,148,0,0,0,2136
2003,7,US_Comm,Upper,0,12,717,0,1666,4,260,13,0,0,2672
2003,7,US_Subsistence,Upper,0,30,1865,0,4332,9,677,34,0,0,6947
2004,1,US_Comm,Lower,2,1002,2507,16,5487,0,133,0,0,0,9147
2004,1,US_Comm,Middle,2,378,810,16,4640,0,81,0,0,0,5927
2004,1,US_Comm,Upper,0,439,2083,16,10580,0,814,116,0,0,14048
2004,1,US_Subsistence,Lower,0,99,261,0,359,0,0,0,0,0,719
2004,1,US_Subsistence,Middle,0,437,748,0,1070,0,65,0,0,0,2320
2004,1,US_Subsistence,Upper,0,232,830,0,1680,0,98,0,0,0,2840
2004,2,US_Comm,Lower,0,360,1671,0,2868,0,95,0,0,0,4994
2004,2,US_Comm,Middle,0,264,1229,0,5303,0,308,0,0,0,7104
2004,2,US_Comm,Upper,0,284,1674,0,9633,0,546,0,0,0,12137
2004,2,US_Subsistence,Lower,5,125,337,0,492,1,16,0,0,0,976
2004,2,US_Subsistence,Middle,1,451,906,0,2084,1,127,0,0,0,3570
2004,2,US_Subsistence,Upper,0,555,1105,0,3354,1,163,0,0,0,5178
2004,3,US_Comm,Lower,0,0,0,0,0,0,0,0,0,0,0
2004,3,US_Comm,Middle,0,0,0,0,0,0,0,0,0,0,0
2004,3,US_Comm,Upper,0,0,0,0,0,0,0,0,0,0,0
2004,3,US_Subsistence,Lower,4,43,121,0,270,0,12,0,0,2,452
2004,3,US_Subsistence,Middle,1,156,326,0,1142,0,98,0,0,2,1725
2004,3,US_Subsistence,Upper,0,192,397,0,1838,0,125,18,0,2,2572
2004,4,US_Comm,Lower,0,0,0,0,0,0,0,0,0,0,0
2004,4,US_Comm,Middle,0,0,0,0,0,0,0,0,0,0,0
2004,4,US_Comm,Upper,0,0,0,0,0,0,0,0,0,0,0
2004,4,US_Subsistence,Lower,5,392,844,0,3250,0,235,18,0,5,4749
2004,4,US_Subsistence,Middle,0,0,0,0,582,0,0,0,0,0,582
2004,4,US_Subsistence,Upper,0,322,1905,0,6021,0,439,0,0,0,8687
2004,5,US_Comm,Upper,0,24,33,0,0,0,0,0,0,0,57
2004,5,US_Subsistence,Upper,0,46,70,0,116,0,0,0,0,0,232
2004,6,US_Comm,Middle,0,209,407,0,597,0,45,0,0,0,1258
2004,6,US_Sport,Middle,3,639,563,0,821,0,31,0,0,0,2057
2004,6,US_Subsistence,Middle,2,494,436,0,633,0,24,0,0,0,1589
2004,7,US_Comm,Upper,0,137,184,0,1173,0,20,0,0,0,1514
2004,7,US_Subsistence,Upper,0,184,3181,0,6931,0,707,235,0,0,11238
2005,1,US_Comm,Lower,0,251,4431,0,2244,6,137,0,0,0,7069
2005,1,US_Comm,Middle,0,24,726,0,699,0,68,7,0,0,1524
2005,1,US_Comm,Upper,0,11,2013,0,5786,21,504,0,0,0,8335
2005,1,US_Subsistence,Lower,0,2,42,0,52,0,4,0,0,0,100
2005,1,US_Subsistence,Middle,0,148,244,0,117,1,2,0,0,0,512
2005,1,US_Subsistence,Upper,0,31,1104,0,1800,12,103,0,0,0,3050
2005,2,US_Comm,Lower,0,560,2039,0,2334,16,109,0,0,0,5058
2005,2,US_Comm,Middle,0,264,4309,0,1769,6,33,0,0,0,6381
2005,2,US_Comm,Upper,0,22,1393,0,3278,9,130,0,0,0,4832
2005,2,US_Subsistence,Lower,0,362,1970,0,814,6,11,0,0,0,3163
2005,2,US_Subsistence,Middle,0,158,939,0,764,6,6,0,0,0,1873
2005,2,US_Subsistence,Upper,0,12,1377,0,2585,6,133,8,0,0,4121
2005,3,US_Comm,Lower,0,0,0,0,0,0,0,0,0,0,0
2005,3,US_Comm,Middle,0,0,0,0,0,0,0,0,0,0,0
2005,3,US_Comm,Upper,0,0,0,0,0,0,0,0,0,0,0
2005,3,US_Subsistence,Lower,0,210,1229,0,398,0,8,0,0,0,1845
2005,3,US_Subsistence,Middle,0,92,586,0,373,0,5,0,0,0,1056
2005,3,US_Subsistence,Upper,0,7,859,0,1264,0,101,0,0,0,2231
2005,4,US_Comm,Lower,0,0,0,0,0,0,0,0,0,0,0
2005,4,US_Comm,Middle,0,0,0,0,0,0,0,0,0,0,0
2005,4,US_Comm,Upper,0,0,0,0,0,0,0,0,0,0,0
2005,4,US_Subsistence,Lower,0,59,343,0,423,0,13,0,0,0,838
2005,4,US_Subsistence,Middle,0,450,3040,0,2364,0,53,2,0,0,5909
2005,4,US_Subsistence,Upper,0,10,2069,0,4620,14,426,65,0,14,7218
2005,5,US_Comm,Lower,0,4,6,0,0,2,0,0,0,0,12
2005,5,US_Comm,Middle,0,150,211,0,91,6,0,0,0,0,458
2005,5,US_Comm,Upper,0,17,468,0,494,5,6,9,0,0,999
2005,5,US_Subsistence,Lower,0,28,36,0,0,11,0,0,0,0,75
2005,5,US_Subsistence,Middle,0,953,1377,0,613,40,2,1,0,0,2986
2005,5,US_Subsistence,Upper,0,989,6478,0,6126,99,68,103,0,0,13863
2005,6,US_Comm,Middle,0,20,242,0,184,1,6,0,0,0,453
2005,6,US_Sport,Middle,3,674,595,0,865,0,33,0,0,0,2170
2005,6,US_Subsistence,Middle,0,39,221,0,208,0,13,4,0,0,485
2005,7,US_Comm,Upper,3,38,1278,4,2550,49,144,0,0,0,4066
2005,7,US_Subsistence,Upper,5,66,2202,7,4395,85,249,0,0,0,7009
2006,1,US_Comm,Lower,0,275,3692,0,4388,3,11,20,0,0,8389
2006,1,US_Comm,Middle,0,123,2563,0,1970,1,141,0,0,0,4798
2006,1,US_Comm,Upper,0,44,5226,0,5859,0,229,0,0,0,11358
2006,1,US_Subsistence,Lower,0,100,441,0,546,0,2,0,0,0,1089
2006,1,US_Subsistence,Middle,0,125,1049,0,553,0,59,0,0,0,1786
2006,1,US_Subsistence,Upper,0,27,1287,0,885,0,47,0,0,0,2246
2006,2,US_Comm,Lower,0,245,3118,0,2761,23,2,0,0,0,6149
2006,2,US_Comm,Middle,0,88,2963,0,1908,30,102,0,0,0,5091
2006,2,US_Comm,Upper,0,29,4464,0,4002,0,99,0,0,0,8594
2006,2,US_Subsistence,Lower,0,62,446,0,442,11,1,0,0,0,962
2006,2,US_Subsistence,Middle,0,139,1879,0,906,18,45,0,0,0,2987
2006,2,US_Subsistence,Upper,0,30,2272,0,1745,0,43,0,0,0,4090
2006,3,US_Comm,Lower,0,0,11,0,9,0,0,0,0,0,20
2006,3,US_Comm,Middle,0,2,65,0,51,1,2,1,0,0,122
2006,3,US_Comm,Upper,0,3,76,0,60,1,3,1,0,0,144
2006,3,US_Subsistence,Lower,0,32,185,0,167,6,0,17,0,0,407
2006,3,US_Subsistence,Middle,0,105,1155,0,750,22,51,0,0,0,2083
2006,3,US_Subsistence,Upper,0,24,1457,0,1356,0,46,0,0,0,2883
2006,4,US_Comm,Lower,0,0,0,0,0,0,0,0,0,0,0
2006,4,US_Comm,Middle,0,0,0,0,0,0,0,0,0,0,0
2006,4,US_Comm,Upper,0,0,0,0,0,0,0,0,0,0,0
2006,4,US_Subsistence,Lower,0,190,553,0,258,13,0,111,0,0,1125
2006,4,US_Subsistence,Middle,0,547,2615,0,2285,35,130,0,0,0,5612
2006,4,US_Subsistence,Upper,0,116,2942,0,2155,0,71,0,0,0,5284
2006,5,US_Comm,Lower,0,16,35,0,0,0,0,7,0,0,58
2006,5,US_Comm,Middle,0,149,636,0,129,0,4,0,0,0,918
2006,5,US_Comm,Upper,0,24,578,0,258,0,4,0,0,0,864
2006,5,US_Subsistence,Lower,0,10,68,0,21,0,0,0,0,0,99
2006,5,US_Subsistence,Middle,0,329,2186,0,678,0,14,12,0,0,3219
2006,5,US_Subsistence,Upper,0,1289,8558,0,2654,0,55,48,0,0,12604
2006,6,US_Comm,Middle,0,6,41,0,36,0,1,0,0,0,84
2006,6,US_Sport,Middle,0,95,639,1,557,3,23,0,0,0,1318
2006,6,US_Subsistence,Middle,0,53,358,0,313,2,13,0,0,0,739
2006,7,US_Comm,Upper,0,30,1118,3,1156,0,25,0,0,0,2332
2006,7,US_Subsistence,Upper,0,86,3232,10,3342,0,71,0,0,0,6741
2007,1,US_Comm,Lower,0,1027,1285,0,2835,4,39,184,0,0,5374
2007,1,US_Comm,Middle,0,387,975,0,4421,2,27,206,0,0,6018
2007,1,US_Comm,Upper,0,271,1324,0,5923,3,246,308,0,0,8075
2007,1,US_Subsistence,Lower,0,65,70,0,163,0,0,0,0,0,298
2007,1,US_Subsistence,Middle,0,427,752,0,1261,0,0,0,0,0,2440
2007,1,US_Subsistence,Upper,0,26,1151,0,2145,0,0,0,0,0,3322
2007,2,US_Comm,Lower,0,1152,845,0,1356,15,9,0,0,0,3377
2007,2,US_Comm,Middle,0,585,955,0,2331,6,6,0,0,0,3883
2007,2,US_Comm,Upper,0,543,1376,0,3953,29,109,36,0,0,6046
2007,2,US_Subsistence,Lower,0,86,388,0,1199,4,13,8,0,0,1698
2007,2,US_Subsistence,Middle,0,162,820,0,1829,5,19,12,0,0,2847
2007,2,US_Subsistence,Upper,0,216,1090,0,4611,13,47,31,0,0,6008
2007,3,US_Comm,Lower,0,0,2,0,5,0,0,0,0,0,7
2007,3,US_Comm,Middle,0,2,16,0,49,0,1,0,0,0,68
2007,3,US_Comm,Upper,0,3,27,0,84,0,1,1,0,0,116
2007,3,US_Subsistence,Lower,0,4,39,0,120,0,2,1,0,0,166
2007,3,US_Subsistence,Middle,0,40,385,0,1188,0,16,8,0,0,1637
2007,3,US_Subsistence,Upper,0,70,670,0,2066,0,28,14,0,0,2848
2007,4,US_Comm,Lower,0,0,0,0,0,0,0,0,0,0,0
2007,4,US_Comm,Middle,0,0,0,0,0,0,0,0,0,0,0
2007,4,US_Comm,Upper,0,0,0,0,0,0,0,0,0,0,0
2007,4,US_Subsistence,Lower,0,127,193,1,382,0,3,0,0,0,706
2007,4,US_Subsistence,Middle,0,1010,1601,10,3267,0,29,5,0,0,5922
2007,4,US_Subsistence,Upper,0,400,1222,3,3538,0,31,8,0,0,5202
2007,5,US_Comm,Lower,0,0,0,0,2,0,0,0,0,0,2
2007,5,US_Comm,Middle,0,72,174,1,175,0,3,0,0,0,425
2007,5,US_Comm,Upper,0,121,291,3,391,0,7,0,0,0,813
2007,5,US_Subsistence,Lower,0,18,42,0,47,0,1,0,0,0,108
2007,5,US_Subsistence,Middle,0,536,1271,12,1415,0,31,0,0,0,3265
2007,5,US_Subsistence,Upper,0,2247,6178,48,7156,8,137,0,0,0,15774
2007,6,US_Comm,Middle,6,108,52,0,111,0,3,0,0,0,280
2007,6,US_Sport,Middle,9,483,464,0,887,0,9,0,0,0,1852
2007,6,US_Subsistence,Middle,0,215,259,0,483,0,3,0,0,0,960
2007,7,US_Comm,Upper,0,6,170,1,380,17,19,24,0,0,617
2007,7,US_Subsistence,Upper,3,45,1233,4,2759,123,135,174,0,0,4476
2008,1,US_Comm,Lower,7,211,1030,6,464,6,30,7,0,0,1761
2008,1,US_Comm,Middle,0,15,73,0,35,0,2,0,0,0,125
2008,1,US_Comm,Upper,1,67,360,2,194,2,13,3,0,0,642
2008,1,US_Subsistence,Lower,0,18,281,0,162,0,11,1,0,0,473
2008,1,US_Subsistence,Middle,0,91,1424,0,818,0,55,6,0,0,2394
2008,1,US_Subsistence,Upper,0,125,1961,0,1126,0,75,8,0,0,3295
2008,2,US_Comm,Lower,0,127,769,5,435,11,24,5,0,0,1376
2008,2,US_Comm,Middle,0,15,85,0,45,1,2,0,0,0,148
2008,2,US_Comm,Upper,0,55,329,2,184,5,10,2,0,0,587
2008,2,US_Subsistence,Lower,2,47,773,0,464,1,44,7,0,0,1338
2008,2,US_Subsistence,Middle,6,103,1953,0,1263,3,125,19,0,0,3472
2008,2,US_Subsistence,Upper,8,123,2346,0,1516,4,150,23,0,0,4170
2008,3,US_Comm,Lower,0,0,0,0,0,0,0,0,0,0,0
2008,3,US_Comm,Middle,0,0,0,0,0,0,0,0,0,0,0
2008,3,US_Comm,Upper,0,0,0,0,0,0,0,0,0,0,0
2008,3,US_Subsistence,Lower,0,15,933,0,826,0,61,0,0,0,1835
2008,3,US_Subsistence,Middle,0,9,576,0,510,0,38,0,0,0,1133
2008,3,US_Subsistence,Upper,0,24,1468,0,1299,0,96,0,0,0,2887
2008,4,US_Comm,Lower,0,0,0,0,0,0,0,0,0,0,0
2008,4,US_Comm,Middle,0,0,0,0,0,0,0,0,0,0,0
2008,4,US_Comm,Upper,0,0,0,0,0,0,0,0,0,0,0
2008,4,US_Subsistence,Lower,0,40,1049,0,756,3,52,0,0,0,1900
2008,4,US_Subsistence,Middle,0,129,2416,0,1487,11,103,0,0,0,4146
2008,4,US_Subsistence,Upper,0,113,2521,0,1795,10,133,0,0,0,4572
2008,5,US_Comm,Lower,0,0,0,0,0,0,0,0,0,0,0
2008,5,US_Comm,Middle,0,0,0,0,0,0,0,0,0,0,0
2008,5,US_Comm,Upper,0,0,0,0,0,0,0,0,0,0,0
2008,5,US_Subsistence,Lower,0,34,176,0,11,0,0,0,0,0,221
2008,5,US_Subsistence,Middle,0,346,1769,0,115,0,0,0,0,0,2230
2008,5,US_Subsistence,Upper,0,1129,7112,0,886,16,32,0,0,0,9175
2008,6,US_Comm,Middle,0,0,0,0,0,0,0,0,0,0,0
2008,6,US_Sport,Middle,5,72,378,0,262,0,12,0,0,0,729
2008,6,US_Subsistence,Middle,2,25,132,0,91,0,4,0,0,0,254
2008,7,US_Comm,Upper,0,0,0,0,0,0,0,0,0,0,0
2008,7,US_Subsistence,Upper,0,13,1958,0,1245,75,135,0,0,0,3426
2009,1,US_Comm,Lower,1,31,14,0,17,0,0,0,0,0,63
2009,1,US_Comm,Middle,0,6,3,0,3,0,0,0,0,0,12
2009,1,US_Comm,Upper,0,8,3,0,4,0,0,0,0,0,15
2009,1,US_Subsistence,Lower,0,124,95,0,497,0,10,2,0,0,728
2009,1,US_Subsistence,Middle,0,229,176,0,919,1,18,3,0,0,1346
2009,1,US_Subsistence,Upper,0,350,268,0,1402,1,28,5,0,0,2054
2009,2,US_Comm,Lower,2,78,35,0,42,0,0,0,0,0,157
2009,2,US_Comm,Middle,0,15,7,0,8,0,0,0,0,0,30
2009,2,US_Comm,Upper,0,19,9,0,10,0,0,0,0,0,38
2009,2,US_Subsistence,Lower,3,151,254,1,602,3,10,3,0,0,1027
2009,2,US_Subsistence,Middle,5,263,448,2,1047,5,17,5,0,0,1792
2009,2,US_Subsistence,Upper,9,491,836,5,1953,9,32,9,0,0,3344
2009,3,US_Comm,Lower,0,0,0,0,0,0,0,0,0,0,0
2009,3,US_Comm,Middle,0,0,0,0,0,0,0,0,0,0,0
2009,3,US_Comm,Upper,0,0,0,0,0,0,0,0,0,0,0
2009,3,US_Subsistence,Lower,0,123,157,0,1214,0,14,0,0,0,1508
2009,3,US_Subsistence,Middle,0,54,69,0,535,0,6,0,0,0,664
2009,3,US_Subsistence,Upper,0,61,78,0,606,0,7,0,0,0,752
2009,4,US_Comm,Lower,0,0,0,0,0,0,0,0,0,0,0
2009,4,US_Comm,Middle,0,0,0,0,0,0,0,0,0,0,0
2009,4,US_Comm,Upper,0,0,0,0,0,0,0,0,0,0,0
2009,4,US_Subsistence,Lower,0,98,106,0,564,0,9,7,0,0,784
2009,4,US_Subsistence,Middle,0,607,668,0,3515,0,61,48,0,0,4899
2009,4,US_Subsistence,Upper,0,413,524,0,2800,0,53,42,0,0,3832
2009,5,US_Comm,Lower,0,0,0,0,0,0,0,0,0,0,0
2009,5,US_Comm,Middle,0,0,0,0,0,0,0,0,0,0,0
2009,5,US_Comm,Upper,0,0,0,0,0,0,0,0,0,0,0
2009,5,US_Subsistence,Lower,0,13,16,0,39,0,0,0,0,0,68
2009,5,US_Subsistence,Middle,0,209,262,0,765,0,3,0,0,0,1239
2009,5,US_Subsistence,Upper,5,1513,1836,0,4199,5,47,5,0,0,7610
2009,6,US_Comm,Middle,0,0,0,0,0,0,0,0,0,0,0
2009,6,US_Sport,Middle,0,194,161,0,477,0,4,0,0,0,836
2009,6,US_Subsistence,Middle,0,328,272,0,806,0,6,0,0,0,1412
2009,7,US_Comm,Upper,0,28,121,0,215,0,0,0,0,0,364
2009,7,US_Subsistence,Upper,0,340,1460,0,2594,0,0,0,0,0,4394
2010,1,US_Comm,Lower,5,1289,1791,0,573,18,42,7,0,0,3725
2010,1,US_Comm,Middle,2,258,384,0,115,4,11,1,0,0,775
2010,1,US_Comm,Upper,2,452,593,0,174,6,15,1,0,0,1243
2010,1,US_Subsistence,Lower,1,84,672,1,361,9,36,2,0,0,1166
2010,1,US_Subsistence,Middle,1,122,972,1,522,13,53,3,0,0,1687
2010,1,US_Subsistence,Upper,2,217,1731,2,930,23,94,5,0,0,3004
2010,2,US_Comm,Lower,6,883,1349,0,428,13,31,6,0,0,2716
2010,2,US_Comm,Middle,2,185,299,0,88,3,8,1,0,0,586
2010,2,US_Comm,Upper,2,297,418,0,118,4,12,1,0,0,852
2010,2,US_Subsistence,Lower,0,85,562,0,275,4,16,4,0,0,946
2010,2,US_Subsistence,Middle,0,314,2079,0,1017,15,60,15,0,0,3500
2010,2,US_Subsistence,Upper,0,380,2513,0,1229,18,72,18,0,0,4230
2010,2,US_Sport,Lower,2,61,77,2,17,1,1,0,0,0,161
2010,3,US_Comm,Lower,0,0,0,0,0,0,0,0,0,0,0
2010,3,US_Comm,Middle,0,0,0,0,0,0,0,0,0,0,0
2010,3,US_Comm,Upper,0,0,0,0,0,0,0,0,0,0,0
2010,3,US_Subsistence,Lower,0,10,233,0,158,1,20,4,0,0,426
2010,3,US_Subsistence,Middle,0,43,999,0,676,6,87,19,0,0,1830
2010,3,US_Subsistence,Upper,0,48,1115,0,755,7,97,21,0,0,2043
2010,4,US_Comm,Lower,0,0,0,0,0,0,0,0,0,0,0
2010,4,US_Comm,Middle,0,0,0,0,0,0,0,0,0,0,0
2010,4,US_Comm,Upper,0,0,0,0,0,0,0,0,0,0,0
2010,4,US_Subsistence,Lower,0,82,416,0,263,7,23,6,0,0,797
2010,4,US_Subsistence,Middle,1,679,3292,1,1967,59,177,53,0,0,6229
2010,4,US_Subsistence,Upper,0,489,3078,0,2009,64,168,54,0,0,5862
2010,5,US_Comm,Lower,0,0,0,0,0,0,0,0,0,0,0
2010,5,US_Comm,Middle,0,0,0,0,0,0,0,0,0,0,0
2010,5,US_Comm,Upper,0,0,0,0,0,0,0,0,0,0,0
2010,5,US_Subsistence,Lower,1,24,53,0,26,1,3,1,0,0,109
2010,5,US_Subsistence,Middle,13,488,1103,3,540,21,65,15,0,3,2251
2010,5,US_Subsistence,Upper,41,1576,4110,9,1935,84,224,51,0,9,8039
2010,6,US_Comm,Middle,0,0,0,0,0,0,0,0,0,0,0
2010,6,US_Sport,Middle,1,74,177,2,53,2,3,2,0,0,314
2010,6,US_Subsistence,Middle,5,307,736,8,222,8,11,8,0,0,1305
2010,7,US_Comm,Upper,0,0,0,0,0,0,0,0,0,0,0
2010,7,US_Subsistence,Upper,0,196,1222,0,1104,16,78,31,0,0,2647
2011,1,US_Comm,Lower,0,0,0,0,0,0,0,0,0,0,0
2011,1,US_Comm,Middle,0,0,0,0,0,0,0,0,0,0,0
2011,1,US_Comm,Upper,0,0,0,0,0,0,0,0,0,0,0
2011,1,US_Subsistence,Lower,0,484,938,3,625,6,13,16,0,0,2085
2011,1,US_Subsistence,Middle,0,190,767,1,522,3,10,14,0,0,1507
2011,1,US_Subsistence,Upper,0,303,1327,1,975,5,20,32,0,1,2664
2011,2,US_Comm,Lower,0,0,0,0,0,0,0,0,0,0,0
2011,2,US_Comm,Middle,0,0,0,0,0,0,0,0,0,0,0
2011,2,US_Comm,Upper,0,0,0,0,0,0,0,0,0,0,0
2011,2,US_Subsistence,Lower,1,584,1724,5,964,19,16,36,0,0,3349
2011,2,US_Subsistence,Middle,1,238,997,2,577,14,12,26,0,0,1867
2011,2,US_Subsistence,Upper,1,368,1584,3,917,22,19,41,0,0,2955
2011,3,US_Comm,Lower,0,0,0,0,0,0,0,0,0,0,0
2011,3,US_Comm,Middle,0,0,0,0,0,0,0,0,0,0,0
2011,3,US_Comm,Upper,0,0,0,0,0,0,0,0,0,0,0
2011,3,US_Subsistence,Lower,0,0,82,0,51,1,0,3,0,0,137
2011,3,US_Subsistence,Middle,0,0,923,0,575,15,4,30,0,0,1547
2011,3,US_Subsistence,Upper,0,0,1461,0,910,24,6,48,0,0,2449
2011,4,US_Comm,Lower,0,0,0,0,0,0,0,0,0,0,0
2011,4,US_Comm,Middle,0,0,0,0,0,0,0,0,0,0,0
2011,4,US_Comm,Upper,0,0,0,0,0,0,0,0,0,0,0
2011,4,US_Subsistence,Lower,0,22,203,0,146,3,3,5,0,0,382
2011,4,US_Subsistence,Middle,0,162,2531,0,1958,31,33,62,0,0,4777
2011,4,US_Subsistence,Upper,0,74,2450,0,2066,37,34,74,0,0,4735
2011,5,US_Comm,Lower,0,0,0,0,0,0,0,0,0,0,0
2011,5,US_Comm,Middle,0,0,0,0,0,0,0,0,0,0,0
2011,5,US_Comm,Upper,0,0,0,0,0,0,0,0,0,0,0
2011,5,US_Subsistence,Lower,0,52,159,1,165,3,3,21,0,0,404
2011,5,US_Subsistence,Middle,0,270,810,7,839,17,17,106,0,0,2066
2011,5,US_Subsistence,Upper,0,1012,3342,29,3105,83,69,381,0,0,8021
2011,6,US_Comm,Middle,0,0,0,0,0,0,0,0,0,0,0
2011,6,US_Sport,Middle,1,67,150,0,145,1,5,1,0,0,370
2011,6,US_Subsistence,Middle,3,264,591,2,569,5,18,5,0,0,1457
2011,7,US_Comm,Upper,0,0,0,0,0,0,0,0,0,0,0
2011,7,US_Subsistence,Upper,0,105,1442,0,2884,70,81,302,0,0,4884
2012,1,US_Comm,Lower,0,0,0,0,0,0,0,0,0,0,0
2012,1,US_Comm,Middle,0,0,0,0,0,0,0,0,0,0,0
2012,1,US_Comm,Upper,0,0,0,0,0,0,0,0,0,0,0
2012,1,US_Subsistence,Lower,0,231,851,2,661,11,12,9,0,0,1777
2012,1,US_Subsistence,Middle,0,94,456,1,395,9,7,7,0,0,969
2012,1,US_Subsistence,Upper,0,146,682,2,707,9,12,11,0,0,1569
2012,2,US_Comm,Lower,0,0,0,0,0,0,0,0,0,0,0
2012,2,US_Comm,Middle,0,0,0,0,0,0,0,0,0,0,0
2012,2,US_Comm,Upper,0,0,0,0,0,0,0,0,0,0,0
2012,2,US_Subsistence,Lower,2,128,696,2,462,4,10,8,0,0,1312
2012,2,US_Subsistence,Middle,1,111,1443,6,1022,12,32,11,0,0,2638
2012,2,US_Subsistence,Upper,2,145,1711,7,1231,14,37,16,0,1,3164
2012,3,US_Comm,Lower,0,0,0,0,0,0,0,0,0,0,0
2012,3,US_Comm,Middle,0,0,0,0,0,0,0,0,0,0,0
2012,3,US_Comm,Upper,0,0,0,0,0,0,0,0,0,0,0
2012,3,US_Subsistence,Lower,0,7,110,0,76,1,2,0,0,0,196
2012,3,US_Subsistence,Middle,0,37,575,3,397,5,13,3,0,0,1033
2012,3,US_Subsistence,Upper,0,40,631,3,436,6,14,3,0,0,1133
2012,4,US_Comm,Lower,0,0,0,0,0,0,0,0,0,0,0
2012,4,US_Comm,Middle,0,0,0,0,0,0,0,0,0,0,0
2012,4,US_Comm,Upper,0,0,0,0,0,0,0,0,0,0,0
2012,4,US_Subsistence,Lower,0,56,502,0,213,16,0,4,0,0,791
2012,4,US_Subsistence,Middle,0,308,2625,0,1126,81,1,21,0,0,4162
2012,4,US_Subsistence,Upper,0,193,1717,0,730,55,0,14,0,0,2709
2012,5,US_Comm,Lower,0,0,0,0,0,0,0,0,0,0,0
2012,5,US_Comm,Middle,0,0,0,0,0,0,0,0,0,0,0
2012,5,US_Comm,Upper,0,0,0,0,0,0,0,0,0,0,0
2012,5,US_Subsistence,Lower,0,4,24,0,16,1,0,1,0,0,46
2012,5,US_Subsistence,Middle,7,108,583,7,389,36,7,14,0,0,1151
2012,5,US_Subsistence,Upper,33,494,2666,33,1778,165,33,66,0,0,5268
2012,6,US_Comm,Middle,0,0,0,0,0,0,0,0,0,0,0
2012,6,US_Sport,Middle,0,6,42,0,64,0,1,0,0,0,113
2012,6,US_Subsistence,Middle,2,39,259,0,390,0,8,0,0,0,698
2012,7,US_Comm,Upper,0,0,0,0,0,0,0,0,0,0,0
2012,7,US_Subsistence,Upper,9,138,637,9,1205,52,26,69,0,0,2145
2013,1,US_Subsistence,Lower,0,161,222,0,298,8,4,5,0,0,698
2013,1,US_Subsistence,Middle,0,42,62,0,92,2,1,2,0,0,201
2013,1,US_Subsistence,Upper,0,146,224,0,342,8,5,7,0,0,732
2013,2,US_Subsistence,Lower,0,109,149,0,201,5,3,4,0,0,471
2013,2,US_Subsistence,Middle,0,29,42,0,62,2,1,1,0,0,137
2013,2,US_Subsistence,Upper,0,99,151,0,231,6,4,5,0,0,496
2013,3,US_Subsistence,Lower,0,44,60,0,81,2,1,1,0,0,189
2013,3,US_Subsistence,Middle,0,12,17,0,25,1,0,1,0,0,56
2013,3,US_Subsistence,Upper,0,40,61,0,93,2,1,2,0,0,199
2013,4,US_Subsistence,Lower,0,62,121,0,78,0,2,2,0,0,265
2013,4,US_Subsistence,Middle,0,222,418,0,282,1,8,7,0,0,938
2013,4,US_Subsistence,Upper,0,395,775,0,497,0,15,15,0,0,1697
2013,5,US_Subsistence,Lower,0,1,5,0,6,0,0,0,0,0,12
2013,5,US_Subsistence,Middle,0,109,444,0,468,24,0,5,0,0,1050
2013,5,US_Subsistence,Upper,0,360,1473,0,1552,78,0,16,0,0,3479
2013,6,US_Subsistence,Middle,5,83,78,0,234,1,8,0,0,0,409
2013,6,US_Sport,Middle,0,2,2,0,6,0,0,0,0,0,10
2013,7,US_Subsistence,Upper,0,89,591,0,1344,16,73,32,0,0,2145
2014,0,US_Subsistence,Lower,0,75.08828983,88.92034322,0,92.87235848,2.964011441,0.988003814,0.988003814,0,0,261.8210106
2014,0,US_Subsistence,Middle,0,19.47727521,23.06519433,0,24.09031408,0.768839811,0.256279937,0.256279937,0,0,67.91418331
2014,0,US_Subsistence,Upper,0,66.8985859,79.22200962,0,82.74298782,2.640733654,0.880244551,0.880244551,0,0,233.2648061
2014,1,US_Subsistence,Lower,0,79,165,0,161,3,3,2,0,0,413
2014,1,US_Subsistence,Middle,0,22,128,0,117,1,4,2,0,0,274
2014,1,US_Subsistence,Upper,1,74,298,0,278,3,8,5,0,0,667
2014,2,US_Subsistence,Lower,1,74,99,0,93,3,1,1,0,0,272
2014,2,US_Subsistence,Middle,1,21,38,0,27,1,0,0,0,0,88
2014,2,US_Subsistence,Upper,1,67,98,0,85,3,1,1,0,0,256
2014,3,US_Subsistence,Lower,0,6,8,0,8,0,0,0,0,0,22
2014,3,US_Subsistence,Middle,0,2,2,0,2,0,0,0,0,0,6
2014,3,US_Subsistence,Upper,0,6,7,0,7,0,0,0,0,0,20
2014,4,US_Subsistence,Lower,0,2,3,0,2,0,0,0,0,0,7
2014,4,US_Subsistence,Middle,0,16,50,0,15,0,1,0,0,0,82
2014,4,US_Subsistence,Upper,0,10,20,0,13,0,0,0,0,0,43
2014,5,US_Subsistence,Lower,0,1,1,0,0,0,0,0,0,0,2
2014,5,US_Subsistence,Middle,5,12,24,0,8,1,0,0,0,0,50
2014,5,US_Subsistence,Upper,25,58,112,0,36,4,0,0,0,0,235
2014,6,US_Subsistence,Middle,4,28,197,0,51,1,2,0,0,0,283
2014,6,US_Sport,Middle,0,0,0,0,0,0,0,0,0,0,0
2014,7,US_Subsistence,Upper,0,7,52,0,40,1,1,2,0,0,103
2015,0,US_Subsistence,Lower,0,119.0491047,43.29058352,0,79.36606979,0,0,0,0,0,241.705758
2015,0,US_Subsistence,Middle,0,153.8712997,55.95319988,0,102.5808664,0,0,0,0,0,312.405366
2015,0,US_Subsistence,Upper,0,203,74,0,135,0,0,0,0,0,412
2015,1,US_Subsistence,Lower,0,152.2614745,75.22246755,0.249601423,199.268207,0,0.748804269,0.998405692,0,0,428.7489604
2015,1,US_Subsistence,Middle,0,198.6797059,100.4458236,0.354497412,271.297957,0,1.063492236,1.417989648,0,0,573.2594658
2015,1,US_Subsistence,Upper,0,277.8245001,159.6098345,0.736468776,473.6666042,0,2.209406329,2.945875106,0,0,916.992689
2015,2,US_Subsistence,Lower,0,113.5044502,83.51585741,1.094064768,96.10714121,2.234510482,0.023190473,0.023190473,0,0,296.502405
2015,2,US_Subsistence,Middle,0,146.7048183,107.9444785,1.414081762,124.2187479,2.888111027,0.029973751,0.029973751,0,0,383.230185
2015,2,US_Subsistence,Upper,0,453.6317605,333.7793837,4.372538046,384.1016946,8.93044213,0.09268302,0.09268302,0,0,1185.001185
2015,3,US_Subsistence,Lower,0,39.50751234,35.05596166,0.556443836,35.61240549,1.112887672,0,0,0,0,111.845211
2015,3,US_Subsistence,Middle,0,51.06356984,45.30992816,0.719205209,46.02913337,1.438410418,0,0,0,0,144.560247
2015,3,US_Subsistence,Upper,0,157.8956803,140.1046177,2.223882821,142.3285005,4.447765642,0,0,0,0,447.000447
2015,4,US_Subsistence,Lower,0,38.94193113,27.15032977,0.321168925,25.74232682,0.642337851,0,0,0,0,92.7980945
2015,4,US_Subsistence,Middle,0,209.856239,115.2885946,0.778295811,99.50290075,1.556591622,0,0,0,0,426.9826218
2015,4,US_Subsistence,Upper,0,119.5508895,69.06252682,0.547302716,60.96421561,1.094605433,0,0,0,0,251.2195401
2015,5,US_Subsistence,Lower,0.030928571,6.278499846,2.78357136,0.030928571,2.350571371,0,0.030928571,0.030928571,0,0,11.53635686
2015,5,US_Subsistence,Middle,1.246341098,253.0072428,112.1706988,1.246341098,94.72192342,0,1.246341098,1.246341098,0,0,464.8852294
2015,5,US_Subsistence,Upper,3.68012922,747.0662316,331.2116298,3.68012922,279.6898207,0,3.68012922,3.68012922,0,0,1372.688199
2015,6,US_Subsistence,Middle,0,249.7142857,107.0204082,0,80.26530612,0,0,0,0,0,437
2015,6,US_Sport,Middle,0,7.428571429,3.183673469,0,2.387755102,0,0,0,0,0,13
2015,7,US_Subsistence,Upper,3.896440129,129.8813376,414.3214671,0,605.2470334,24.67745415,14.28694714,11.68932039,0,0,1204
2016,0,US_Subsistence,Lower,0,75.55143182,129.8207702,2.128209347,27.66672151,1.064104674,0,1.064104674,0,0,237.2953422
2016,0,US_Subsistence,Middle,0,59.10599805,101.5624192,1.664957691,21.64444999,0.832478846,0,0.832478846,0,0,185.6427826
2016,0,US_Subsistence,Upper,0,147.4321998,253.3342025,4.153019713,53.98925627,2.076509857,0,2.076509857,0,0,463.061698
2016,1,US_Subsistence,Lower,0.285140622,185.8761922,428.0676152,4.918679934,150.6255882,4.312754009,3.13654684,3.457332143,0,0,780.6798491
2016,1,US_Subsistence,Middle,0.273593263,149.2051271,360.654355,3.898540653,133.8533805,3.727626538,3.009525896,2.906846748,0,0,657.5289957
2016,1,US_Subsistence,Upper,0.66780312,371.0747525,892.1390454,9.709761389,329.2390464,9.195600971,7.345834315,7.192191613,0,0,1626.564036
2016,2,US_Subsistence,Lower,0.087940224,211.2394493,375.2208142,5.842649284,79.77984042,3.273085536,0.219850559,2.965294754,0,0,678.6289243
2016,2,US_Subsistence,Middle,0.108049002,314.7533974,555.8900699,8.733894813,118.2407641,4.799143412,0.270122504,4.420971907,0,0,1007.216413
2016,2,US_Subsistence,Upper,0.15028909,365.9041653,649.6650198,10.12300253,138.1366084,5.662657628,0.375722726,5.136645812,0,0,1175.154111
2016,3,US_Subsistence,Lower,38.81410846,61.35133272,53.83892463,0,5.008272059,2.504136029,0,0,0,0,161.5167739
2016,3,US_Subsistence,Middle,86.66735972,136.9903428,120.2160151,0,11.18288513,5.591442563,0,0,0,0,360.6480453
2016,3,US_Subsistence,Upper,91.03789001,143.8986003,126.2783636,0,11.74682452,5.873412259,0,0,0,0,378.8350907
2016,4,US_Subsistence,Lower,0,290.1142979,596.6530931,9.535746697,162.3075511,19.33660304,2.516491496,3.642182423,0,0,1084.105966
2016,4,US_Subsistence,Middle,0,630.4097821,1271.895753,21.89753967,355.2343399,41.07381418,4.113752341,7.531261088,0,0,2332.156242
2016,4,US_Subsistence,Upper,0,688.2298357,1443.554711,21.27656256,382.1289969,46.95064964,7.517902896,9.078092089,0,0,2598.736751
2016,5,US_Subsistence,Lower,0,72.5597264,125.8689131,0,25.17378263,2.961621486,1.480810743,0,0,0,228.0448544
2016,5,US_Subsistence,Middle,0,543.3119894,942.4799815,0,188.4959963,22.17599957,11.08799978,0,0,0,1707.551967
2016,5,US_Subsistence,Upper,0,1382.80437,2950.926133,0,705.6230644,74.17893674,29.49487377,3.375375375,0,0,5146.402753
2016,6,US_Subsistence,Middle,0,284.1363636,492.8896104,0,98.57792208,11.5974026,5.798701299,0,0,0,893
2016,7,US_Subsistence,Upper,0,269.8288288,1915.342342,0,685.6306306,57.5045045,8.846846847,8.846846847,0,0,2946
2017,0,US_Subsistence,Lower,0,57.6435593,127.1114385,0,57.6435593,2.956079964,0,1.478039982,0,0,246.832677
2017,0,US_Subsistence,Middle,0,75.46270274,166.4049342,0,75.46270274,3.869882192,0,1.934941096,0,0,323.135163
2017,0,US_Subsistence,Upper,0,112.1204103,247.239879,0,112.1204103,5.749764629,0,2.874882314,0,0,480.1053465
2017,1,US_Subsistence,Lower,0.607701976,220.3673858,558.4748845,0.256135743,313.9473992,11.64800455,1.024542972,8.936566677,0,0,1115.262621
2017,1,US_Subsistence,Middle,0.369510576,282.3612399,723.7823137,0.383481331,417.6044128,15.22835481,1.533925322,11.32867156,0,0,1452.59191
2017,1,US_Subsistence,Upper,0.669846255,421.673186,1081.575232,0.568939066,623.416841,22.68298212,2.275756265,17.06523454,0,0,2169.928017
2017,2,US_Subsistence,Lower,0.067498019,202.738104,577.2920823,0.033749009,310.3069358,13.50687387,4.502291289,0.337490094,0,0,1108.785024
2017,2,US_Subsistence,Middle,0.112451251,338.725637,964.489072,0.056225626,518.4279729,22.56671563,7.522238544,0.562256255,0,0,1852.462569
2017,2,US_Subsistence,Upper,0.141805755,376.5626978,1073.500368,0.070902877,577.3205621,25.08527242,8.361757473,0.709028774,0,0,2061.752395
2017,3,US_Subsistence,Lower,0,25.58100613,137.7438791,0,65.92028502,0.983884851,0,0.983884851,0,0,231.21294
2017,3,US_Subsistence,Middle,0,118.1537525,636.2125137,0,304.4731316,4.544375098,0,4.544375098,0,0,1067.928148
2017,3,US_Subsistence,Upper,0,109.7230262,590.8162948,0,282.7477982,4.220116391,0,4.220116391,0,0,991.727352
2017,4,US_Subsistence,Lower,1.304738587,77.63773056,365.5822639,0,161.4473456,1.459366115,0,1.506412235,0,0,608.937857
2017,4,US_Subsistence,Middle,13.72425184,678.8645645,3155.017464,0,1373.171822,8.659513277,0,16.07071569,0,0,5245.508331
2017,4,US_Subsistence,Upper,10.73433888,502.9212503,2352.871117,0,1029.074218,5.560194516,0,13.7282574,0,0,3914.889376
2017,5,US_Subsistence,Lower,0,8.483973302,84.83973302,0,65.04379532,2.262392881,0,0,0,0,160.6298945
2017,5,US_Subsistence,Middle,0,147.1397694,1471.397694,0,1128.071566,39.23727185,0,0,0,0,2785.846301
2017,5,US_Subsistence,Upper,3.399165508,584.3265728,5948.639859,10.19749652,4843.547768,159.2195849,3.399165508,23.79415855,0,0,11576.52377
2017,6,US_Subsistence,Middle,0,48.6971831,486.971831,0,373.3450704,12.98591549,0,0,0,0,922
2017,7,US_Subsistence,Upper,4.867872045,146.0361613,1611.265647,14.60361613,1640.472879,43.8108484,4.867872045,34.07510431,0,0,3500
2018,0,US_Subsistence,Lower,1.209710176,36.29130529,112.5030464,0,105.2447853,0,2.419420353,0,0,0,257.6682675
2018,0,US_Subsistence,Middle,1.731175075,51.93525225,160.999282,0,150.6122315,0,3.46235015,0,0,0,368.740291
2018,0,US_Subsistence,Upper,2.303246204,69.09738612,214.201897,0,200.3824197,0,4.606492408,0,0,0,490.5914414
2018,1,US_Subsistence,Lower,2.517973286,84.64869955,307.3511735,0,339.0054388,0.607300065,8.983396997,0.910950098,0,0,744.0249323
2018,1,US_Subsistence,Middle,3.603385899,121.7401403,444.6780142,0,493.0689906,0.909237556,13.11681592,1.363856335,0,0,1078.480441
2018,1,US_Subsistence,Upper,4.794133773,164.058405,608.4040551,0,683.5091304,1.348959454,18.356504,2.023439181,0,0,1482.494627
2018,2,US_Subsistence,Lower,0.172558026,136.2481306,462.1329165,0.086279013,275.2571896,3.653233593,21.74684353,3.653233593,0,0,902.9503845
2018,2,US_Subsistence,Middle,0.235434502,246.1766407,834.181718,0.117717251,496.1202335,6.613653381,39.44648578,6.613653381,0,0,1629.505536
2018,2,US_Subsistence,Upper,0.310757472,238.1543783,807.88055,0.155378736,481.2808761,6.384112002,37.99391454,6.384112002,0,0,1578.544079
2018,3,US_Subsistence,Lower,5.405150123,61.25836806,109.9047192,0,82.87896855,0,3.603433415,3.603433415,0,0,266.6540728
2018,3,US_Subsistence,Middle,10.99917607,124.6573288,223.6499134,0,168.654033,0,7.332784045,7.332784045,0,0,542.6260194
2018,3,US_Subsistence,Upper,20.16324138,228.5167356,409.985908,0,309.1697011,0,13.44216092,13.44216092,0,0,994.7199079
2018,4,US_Subsistence,Lower,0,72.76715184,242.3907563,2.689979618,235.2968488,1.700671522,4.908255547,3.986529672,0,0,563.7401933
2018,4,US_Subsistence,Middle,0,383.9225895,1319.836143,15.07326548,1183.841253,16.18863654,26.86162007,17.18382583,0,0,2962.907333
2018,4,US_Subsistence,Upper,0,431.2162275,1493.510915,13.88245867,1242.551729,18.95995441,39.70197243,16.52921531,0,0,3256.352472
2018,5,US_Subsistence,Lower,0,24.15949188,47.82593291,0,25.63864445,0,0,0.493050855,0,0,98.1171201
2018,5,US_Subsistence,Middle,0,552.2102679,1093.150939,0,586.0190598,0,0,11.2695973,0,0,2242.649864
2018,5,US_Subsistence,Upper,0,2663.008532,5629.810767,0,3353.967421,11.3,22.6,55.54629656,0,0,11736.23302
2018,6,US_Subsistence,Middle,0,200.9246231,397.7487437,0,213.2261307,0,0,4.100502513,0,0,816
2018,7,US_Subsistence,Upper,0,286.8685714,1199.27,0,1235.128571,19.92142857,39.84285714,7.968571429,0,0,2789
2019,0,US_Subsistence,Lower,0,49.40060981,189.1337633,0.705722997,147.4961064,1.411445995,2.117168992,1.411445995,0,0,391.6762635
2019,0,US_Subsistence,Middle,0,86.39772166,330.7798486,1.234253167,257.9589118,2.468506333,3.7027595,2.468506333,0,0,685.0105074
2019,0,US_Subsistence,Upper,0,118.5980649,454.0611628,1.69425807,354.0999367,3.388516141,5.082774211,3.388516141,0,0,940.313229
2019,1,US_Subsistence,Lower,4.763836244,409.9713348,1298.118296,2.571680966,1007.502674,9.257099115,20.28006789,9.043956305,0,0,2761.508945
2019,1,US_Subsistence,Middle,0.809384044,298.3282106,1122.927569,3.796715167,963.2279311,7.966792513,17.43179192,10.20956152,0,0,2424.697956
2019,1,US_Subsistence,Upper,3.104465663,520.8846977,1847.790954,5.405850863,1537.961274,13.12353681,28.83358514,15.56748517,0,0,3972.671849
2019,2,US_Subsistence,Lower,2.766059739,368.989803,1260.045738,3.72636948,896.8868543,9.58562356,13.94516818,7.136151391,0,0,2563.081768
2019,2,US_Subsistence,Middle,0.685853284,382.8092008,1441.371814,5.26276331,1110.119585,10.81594244,16.47414321,10.32780789,0,0,2977.86711
2019,2,US_Subsistence,Upper,2.127635247,496.9067661,1805.51393,6.177025739,1353.100386,13.63563993,20.65871246,11.93102808,0,0,3710.051124
2019,3,US_Subsistence,Lower,0,61.63389216,235.9697586,0.880484174,184.0211923,1.760968347,2.641452521,1.760968347,0,0,488.6687164
2019,3,US_Subsistence,Middle,0,125.4214992,480.1851682,1.791735702,374.4727618,3.583471405,5.375207107,3.583471405,0,0,994.4133148
2019,3,US_Subsistence,Upper,0,229.9175817,880.255884,3.284536881,686.4682081,6.569073762,9.853610642,6.569073762,0,0,1822.917969
2019,4,US_Subsistence,Lower,0,112.5622218,430.9525062,1.60803174,336.0786336,3.216063479,4.824095219,3.216063479,0,0,892.4576155
2019,4,US_Subsistence,Middle,0,723.4820516,2769.902712,10.33545788,2160.110697,20.67091576,31.00637364,20.67091576,0,0,5736.179124
2019,4,US_Subsistence,Upper,0,645.4332041,2471.087124,9.220474344,1927.079138,18.44094869,27.66142303,18.44094869,0,0,5117.363261
2019,5,US_Subsistence,Lower,0,12.36038769,63.62565466,0.052267705,53.50648481,0.474818318,1.082510387,0.474818318,0,0,131.5769419
2019,5,US_Subsistence,Middle,0,323.9786977,1469.95566,2.877737663,1201.096621,10.96981836,21.66907058,10.96981836,0,0,3041.517424
2019,5,US_Subsistence,Upper,0,1140.136815,5919.933018,4.432156795,4987.464238,44.17860461,101.5821979,44.17860461,0,0,12241.90563
2019,6,US_Subsistence,Middle,0,106.0720721,406.1045045,1.515315315,316.7009009,3.030630631,4.545945946,3.030630631,0,0,841
2019,7,US_Subsistence,Upper,0,254.5126354,1451.263538,0,1245.487365,10.83032491,27.07581227,10.83032491,0,0,3000
2020,0,US_Subsistence,Lower,0,30.97864825,91.05845092,0,85.42596942,0,4.693734584,0,0,0,212.1568032
2020,0,US_Subsistence,Middle,0,96.49368731,283.6329597,0,266.0886529,0,14.62025565,0,0,0,660.8355555
2020,0,US_Subsistence,Upper,0,104.4037706,306.8838107,0,287.9013069,0,15.81875313,0,0,0,715.0076413
2020,1,US_Subsistence,Lower,0,69.60304481,227.0940689,0,226.5384037,1.629719665,13.77243158,0,0,0.543239888,539.1809085
2020,1,US_Subsistence,Middle,0,207.0038428,620.572985,0,589.4456161,0.876815854,33.10013685,0,0,0.292271951,1451.291669
2020,1,US_Subsistence,Upper,0,229.0948606,716.8094921,0,698.4960008,3.14377123,40.93537445,0,0,1.047923743,1689.527423
2020,2,US_Subsistence,Lower,0.253533422,155.3792252,466.9811737,0,436.4255562,1.014133686,25.08271446,0.380300132,0,0,1085.516637
2020,2,US_Subsistence,Middle,0.160172721,223.77313,664.2395237,0,622.0973844,0.640690883,34.87819032,0.240259081,0,0,1546.029351
2020,2,US_Subsistence,Upper,0.459258027,263.223405,792.3033146,0,740.2694407,1.837032108,42.67267453,0.688887041,0,0,1841.454012
2020,3,US_Subsistence,Lower,0.280363603,17.10217978,65.3247195,0,47.1010853,1.682181618,4.766181251,0.560727206,0,0,136.8174383
2020,3,US_Subsistence,Middle,0.474722798,28.95809069,110.610412,0,79.7534301,2.848336789,8.07028757,0.949445596,0,0,231.6647255
2020,3,US_Subsistence,Upper,0.650651304,39.68972953,151.6017538,0,109.309419,3.903907822,11.06107216,1.301302607,0,0,317.5178362
2020,4,US_Subsistence,Lower,0.68235331,41.62355191,158.9883212,0,114.6353561,4.09411986,11.60000627,1.36470662,0,0,332.9884153
2020,4,US_Subsistence,Middle,3.801255411,231.8765801,885.6925107,0,638.610909,22.80753246,64.62134198,7.602510821,0,0,1855.01264
2020,4,US_Subsistence,Upper,3.198768328,195.124868,745.3130205,0,537.3930792,19.19260997,54.37906158,6.397536657,0,0,1560.998944
2020,5,US_Subsistence,Lower,0.523804454,23.83904408,97.52296796,0,75.09205891,2.589665751,6.507644832,0.863221917,0,0,206.9384079
2020,5,US_Subsistence,Middle,4.95066387,195.1438648,830.5364553,0,661.7282531,22.41898563,52.59296291,7.47299521,0,0,1774.844181
2020,5,US_Subsistence,Upper,19.50972371,612.8385197,2800.882321,0,2359.27395,77.70007227,161.1127998,25.90002409,0,0,6057.217411
2020,6,US_Subsistence,Middle,1.157786885,70.625,269.7643443,0,194.5081967,6.946721311,19.68237705,2.31557377,0,0,565
2020,7,US_Subsistence,Upper,5.533957845,121.7470726,902.0351288,5.533957845,1228.538642,22.13583138,71.94145199,5.533957845,0,0,2363
2021,0,US_Subsistence,Lower,0,0.416350504,3.390282673,0,2.260188448,0,0.297393217,0,0,0,6.364214842
2021,0,US_Subsistence,Middle,0,0.464919581,3.78577373,0,2.523849153,0,0.332085415,0,0,0,7.106627878
2021,0,US_Subsistence,Upper,0,1.146767299,9.337962289,0,6.225308193,0,0.819119499,0,0,0,17.52915728
2021,1,US_Subsistence,Lower,0,5.936480491,58.46850962,0,62.2534113,1.256458875,5.522444101,0.7179765,0.179494125,0,134.334775
2021,1,US_Subsistence,Middle,0,7.988289008,83.33063184,0,97.5663945,2.268034547,8.020241686,1.296019741,0.324004935,0,200.7936163
2021,1,US_Subsistence,Upper,0,19.39862682,201.4915105,0,234.3577416,5.400080787,19.36644853,3.08576045,0.771440112,0,483.8716087
2021,2,US_Subsistence,Lower,0,5.795026952,66.27027382,0,51.50236926,0.747797792,5.701668209,0.373898896,0,0.093474724,130.4845097
2021,2,US_Subsistence,Middle,0,6.620806985,77.57231062,0,60.79365644,0.927194828,6.666322755,0.463597414,0,0.115899354,153.1597884
2021,2,US_Subsistence,Upper,0,15.94049073,182.0310957,0,141.3956498,2.04680027,15.66241537,1.023400135,0,0.255850034,358.355702
2021,3,US_Subsistence,Lower,0,0.322335874,2.624734972,0,1.749823315,0,0.23023991,0,0,0,4.927134071
2021,3,US_Subsistence,Middle,0,0.35993774,2.930921597,0,1.953947731,0,0.257098386,0,0,0,5.501905454
2021,3,US_Subsistence,Upper,0,0.887819844,7.22939016,0,4.81959344,0,0.634157032,0,0,0,13.57096047
2021,4,US_Subsistence,Lower,0,0.024884674,0.202632347,0,0.135088231,0,0.017774767,0,0,0,0.38038002
2021,4,US_Subsistence,Middle,0,0.129652388,1.05574087,0,0.703827247,0,0.092608848,0,0,0,1.981829353
2021,4,US_Subsistence,Upper,0,0.107145181,0.872467904,0,0.581645269,0,0.076532272,0,0,0,1.637790627
2021,5,US_Subsistence,Lower,0,0.169150753,3.229859656,0,2.825844557,0.089021222,0.214082294,0.029673741,0,0,6.557632223
2021,5,US_Subsistence,Middle,0,1.867928577,38.53510098,0,34.15888265,1.120872618,2.508482202,0.373624206,0,0,78.56489124
2021,5,US_Subsistence,Upper,0,7.603419112,165.7552886,0,148.20655,4.99010616,10.65874391,1.66336872,0,0,338.8774765
2021,6,US_Subsistence,Middle,0,0.065420561,0.53271028,0,0.355140187,0,0.046728972,0,0,0,1
2021,7,US_Subsistence,Upper,0,6.550458716,138.4954128,0,145.9816514,2.80733945,8.422018349,3.743119266,0,0,306
2022,0,US_Subsistence,Lower,0,21.37486067,22.34644525,0.971584576,12.63059949,0,2.914753728,0.971584576,0,0,61.20982829
2022,0,US_Subsistence,Middle,0,8.564307994,8.953594721,0.389286727,5.060727451,0,1.167860181,0.389286727,0,0,24.5250638
2022,0,US_Subsistence,Upper,0,29.07670435,30.39837273,1.32166838,17.18168893,0,3.965005139,1.32166838,0,0,83.26510791
2022,1,US_Subsistence,Lower,0,37.13355878,45.1214736,1.615474946,40.75573793,0,6.439534808,1.615474946,0,0.318621994,132.999877
2022,1,US_Subsistence,Middle,0,14.98814119,18.62773189,0.647275564,17.69075925,0,2.689905475,0.647275564,0,0.149615757,55.44070469
2022,1,US_Subsistence,Upper,0,51.97467192,68.68503487,2.197566951,73.55803797,0,10.22089985,2.197566951,0,0.7256398,209.5594183
2022,2,US_Subsistence,Lower,0,40.46989873,67.35526015,1.570552325,64.14275957,0.986291263,8.328058274,2.885607343,0,0,185.7384277
2022,2,US_Subsistence,Middle,0,16.92528209,29.08224139,0.647029507,28.2921714,0.448438823,3.585364205,1.244947937,0,0,80.22547535
2022,2,US_Subsistence,Upper,0,54.85296247,91.03737833,2.131478893,86.52793491,1.326737804,11.25914196,3.900462631,0,0,251.036097
2022,3,US_Subsistence,Lower,0,1.897176983,1.9834123,0.086235317,1.121059126,0,0.258705952,0.086235317,0,0,5.432824996
2022,3,US_Subsistence,Middle,0,0.76014568,0.794697756,0.034552076,0.449176993,0,0.103656229,0.034552076,0,0,2.176780811
2022,3,US_Subsistence,Upper,0,2.580772575,2.69808042,0.117307844,1.525001976,0,0.351923533,0.117307844,0,0,7.390394193
2022,4,US_Subsistence,Lower,0,1.817406371,1.900015752,0.082609381,1.073921947,0,0.247828142,0.082609381,0,0,5.204390973
2022,4,US_Subsistence,Middle,0,9.176304397,9.593409143,0.417104745,5.422361689,0,1.251314236,0.417104745,0,0,26.27759896
2022,4,US_Subsistence,Upper,0,7.863432088,8.22086082,0.357428731,4.646573507,0,1.072286194,0.357428731,0,0,22.51801007
2022,5,US_Subsistence,Lower,0.000321357,1.061358876,3.830986491,0.022152386,2.581649938,0.000535595,0.066671396,0.023009338,0,0.000107119,7.586792496
2022,5,US_Subsistence,Middle,0.523739917,14.81443036,56.13456835,0.163953516,43.12044837,0.872899861,0.841020491,1.560593294,0,0.174579972,118.2062341
2022,5,US_Subsistence,Upper,2.944146819,62.54846223,252.0202848,0.417068702,209.8232863,4.906911364,4.880637317,8.684793551,0,0.981382273,547.2069734
2022,6,US_Subsistence,Middle,0,0.349206349,0.365079365,0.015873016,0.206349206,0,0.047619048,0.015873016,0,0,1
2022,7,US_Subsistence,Upper,0,2.625,18.75,0,21.75,0,1.5,0.375,0,0,45
